Tweet Account,Text,Timestamp,News Org,Compound,Positive,Negative,Neutral,Ref_Number,News_Org_Color
940066876305981440,RT @nytimesworld: Protests in Lebanon near U.S. embassy after Trump‚Äôs Jerusalem decision https://t.co/6QjgtAgUVj https://t.co/MVThAPnypJ,2017-12-11 03:53:03,nytimes,-0.2263,0.0,0.128,0.872,0,y
940063377543409666,Horror films dominated the cultural conversation in 2017. So @nytmag asked the year's best actors to perform in a s‚Ä¶ https://t.co/1zY2LD0VYi,2017-12-11 03:39:09,nytimes,0.128,0.162,0.143,0.695,1,y
940059834245775360,RT @nytimesworld: London's Heathrow Airport was brought to a virtual halt on Sunday after a snowstorm swept through the region https://t.co‚Ä¶,2017-12-11 03:25:04,nytimes,0.0,0.0,0.0,1.0,2,y
940056907846377473,"17 ways to celebrate the season in New York City, from the familiar (Rockettes!) to the far-out (Taylor Mac!) https://t.co/50cu9mc8bC",2017-12-11 03:13:26,nytimes,0.6467,0.184,0.0,0.816,3,y
940052731825229825,9 ways to work better in 2018 https://t.co/LMKfNrcMVS,2017-12-11 02:56:51,nytimes,0.4404,0.326,0.0,0.674,4,y
940048504835076098,A high-powered attorney died. His ex-wife investigated and found a web of drug abuse in his profession.‚Ä¶ https://t.co/U9UP9O0Ryt,2017-12-11 02:40:03,nytimes,-0.8316,0.0,0.358,0.642,5,y
940042678347087873,Op-Ed Columnist: Susan Collins and the Duping of Centrists https://t.co/sGjJ28NHxJ,2017-12-11 02:16:54,nytimes,0.0,0.0,0.0,1.0,6,y
940038638817067008,"In a Blow to Hamas, Israel Destroys Tunnel From Gaza https://t.co/qvmAm1MCIY",2017-12-11 02:00:51,nytimes,-0.5574,0.0,0.286,0.714,7,y
940036607398129664,"""Dark"" plays like a slower, artsier, more complicated take on ""Stranger Things,"" our critic writes https://t.co/mwFkGjnwjd",2017-12-11 01:52:46,nytimes,0.34,0.242,0.113,0.645,8,y
940032276665995264,2017: The Year in New York https://t.co/oMSRlih8ib,2017-12-11 01:35:34,nytimes,0.0,0.0,0.0,1.0,9,y
940027803860271109,President Trump called for a Washington Post reporter to be fired over a misleading tweet https://t.co/NLAYpP1rDI,2017-12-11 01:17:47,nytimes,-0.743,0.0,0.344,0.656,10,y
940022714508677121,"Melting glaciers, wicked hot summers, water crises. These are the climate stories to read from this year. https://t.co/6tmy4MU3z0",2017-12-11 00:57:34,nytimes,-0.5267,0.0,0.167,0.833,11,y
940018432816435202,A dying man had ‚Äúdo not resuscitate‚Äù tattooed on his chest. Doctors said it ‚Äúproduced more confusion than clarity.‚Äù https://t.co/d1C8KThhvB,2017-12-11 00:40:33,nytimes,-0.3597,0.0,0.122,0.878,12,y
940013779127070720,The Look: After-School Special https://t.co/MDkn8XkFiy,2017-12-11 00:22:04,nytimes,0.4019,0.403,0.0,0.597,13,y
940012680634564608,The risk can‚Äôt be ignored but isn‚Äôt as great as it may seem from a recent study https://t.co/VYh6cV0i4H,2017-12-11 00:17:42,nytimes,0.6652,0.247,0.14,0.613,14,y
940008584108302337,Op-Ed Contributor: The Man Who Danced on the Heads of Snakes https://t.co/WBlhVk3eLq,2017-12-11 00:01:25,nytimes,0.0,0.0,0.0,1.0,15,y
940005185451122688,The American ambassador to the UN said that the women who have accused Trump of sexual misconduct ‚Äúshould be heard‚Äù https://t.co/tgad1uL3Qp,2017-12-10 23:47:55,nytimes,-0.296,0.0,0.099,0.901,16,y
940000733528821765,"Luke Skywalker‚Äôs lineage is a narrative backbone in ""Star Wars."" So it's natural to wonder: who are Rey's parents?‚Ä¶ https://t.co/w9Mfts2iaA",2017-12-10 23:30:13,nytimes,0.4173,0.134,0.0,0.866,17,y
939998567216885760,How ISIS Produced Its Cruel Arsenal on an Industrial Scale https://t.co/afprGpE6NB,2017-12-10 23:21:37,nytimes,-0.5859,0.0,0.275,0.725,18,y
939995649755570176,"RT @nytopinion: Over the last 50 years or so, the rules about a woman‚Äôs place were shattered. I saw all this happen, and it knocks me out w‚Ä¶",2017-12-10 23:10:01,nytimes,-0.4767,0.0,0.11,0.89,19,y
940066876305981440,RT @nytimesworld: Protests in Lebanon near U.S. embassy after Trump‚Äôs Jerusalem decision https://t.co/6QjgtAgUVj https://t.co/MVThAPnypJ,2017-12-11 03:53:03,nytimes,-0.2263,0.0,0.128,0.872,20,y
940063377543409666,Horror films dominated the cultural conversation in 2017. So @nytmag asked the year's best actors to perform in a s‚Ä¶ https://t.co/1zY2LD0VYi,2017-12-11 03:39:09,nytimes,0.128,0.162,0.143,0.695,21,y
940059834245775360,RT @nytimesworld: London's Heathrow Airport was brought to a virtual halt on Sunday after a snowstorm swept through the region https://t.co‚Ä¶,2017-12-11 03:25:04,nytimes,0.0,0.0,0.0,1.0,22,y
940056907846377473,"17 ways to celebrate the season in New York City, from the familiar (Rockettes!) to the far-out (Taylor Mac!) https://t.co/50cu9mc8bC",2017-12-11 03:13:26,nytimes,0.6467,0.184,0.0,0.816,23,y
940052731825229825,9 ways to work better in 2018 https://t.co/LMKfNrcMVS,2017-12-11 02:56:51,nytimes,0.4404,0.326,0.0,0.674,24,y
940048504835076098,A high-powered attorney died. His ex-wife investigated and found a web of drug abuse in his profession.‚Ä¶ https://t.co/U9UP9O0Ryt,2017-12-11 02:40:03,nytimes,-0.8316,0.0,0.358,0.642,25,y
940042678347087873,Op-Ed Columnist: Susan Collins and the Duping of Centrists https://t.co/sGjJ28NHxJ,2017-12-11 02:16:54,nytimes,0.0,0.0,0.0,1.0,26,y
940038638817067008,"In a Blow to Hamas, Israel Destroys Tunnel From Gaza https://t.co/qvmAm1MCIY",2017-12-11 02:00:51,nytimes,-0.5574,0.0,0.286,0.714,27,y
940036607398129664,"""Dark"" plays like a slower, artsier, more complicated take on ""Stranger Things,"" our critic writes https://t.co/mwFkGjnwjd",2017-12-11 01:52:46,nytimes,0.34,0.242,0.113,0.645,28,y
940032276665995264,2017: The Year in New York https://t.co/oMSRlih8ib,2017-12-11 01:35:34,nytimes,0.0,0.0,0.0,1.0,29,y
940027803860271109,President Trump called for a Washington Post reporter to be fired over a misleading tweet https://t.co/NLAYpP1rDI,2017-12-11 01:17:47,nytimes,-0.743,0.0,0.344,0.656,30,y
940022714508677121,"Melting glaciers, wicked hot summers, water crises. These are the climate stories to read from this year. https://t.co/6tmy4MU3z0",2017-12-11 00:57:34,nytimes,-0.5267,0.0,0.167,0.833,31,y
940018432816435202,A dying man had ‚Äúdo not resuscitate‚Äù tattooed on his chest. Doctors said it ‚Äúproduced more confusion than clarity.‚Äù https://t.co/d1C8KThhvB,2017-12-11 00:40:33,nytimes,-0.3597,0.0,0.122,0.878,32,y
940013779127070720,The Look: After-School Special https://t.co/MDkn8XkFiy,2017-12-11 00:22:04,nytimes,0.4019,0.403,0.0,0.597,33,y
940012680634564608,The risk can‚Äôt be ignored but isn‚Äôt as great as it may seem from a recent study https://t.co/VYh6cV0i4H,2017-12-11 00:17:42,nytimes,0.6652,0.247,0.14,0.613,34,y
940008584108302337,Op-Ed Contributor: The Man Who Danced on the Heads of Snakes https://t.co/WBlhVk3eLq,2017-12-11 00:01:25,nytimes,0.0,0.0,0.0,1.0,35,y
940005185451122688,The American ambassador to the UN said that the women who have accused Trump of sexual misconduct ‚Äúshould be heard‚Äù https://t.co/tgad1uL3Qp,2017-12-10 23:47:55,nytimes,-0.296,0.0,0.099,0.901,36,y
940000733528821765,"Luke Skywalker‚Äôs lineage is a narrative backbone in ""Star Wars."" So it's natural to wonder: who are Rey's parents?‚Ä¶ https://t.co/w9Mfts2iaA",2017-12-10 23:30:13,nytimes,0.4173,0.134,0.0,0.866,37,y
939998567216885760,How ISIS Produced Its Cruel Arsenal on an Industrial Scale https://t.co/afprGpE6NB,2017-12-10 23:21:37,nytimes,-0.5859,0.0,0.275,0.725,38,y
939995649755570176,"RT @nytopinion: Over the last 50 years or so, the rules about a woman‚Äôs place were shattered. I saw all this happen, and it knocks me out w‚Ä¶",2017-12-10 23:10:01,nytimes,-0.4767,0.0,0.11,0.89,39,y
939993716923731968,"Porgs, Ewoks and Rathtars: A Field Guide to ‚ÄòStar Wars‚Äô Creatures https://t.co/S6siGWTZYo",2017-12-10 23:02:21,nytimes,0.0,0.0,0.0,1.0,40,y
939993236462071808,Boris Johnson leaves Tehran without a clear statement on imprisoned Brits and a tank dispute https://t.co/M9iwZQJbF4,2017-12-10 23:00:26,nytimes,-0.7835,0.0,0.417,0.583,41,y
939990770991419392,An NYT reader's reaction to an article about President Trump‚Äôs daily fight for self-preservation‚Ä¶ https://t.co/F705vf9Qoi,2017-12-10 22:50:38,nytimes,-0.3818,0.0,0.157,0.843,42,y
939989373927546886,"‚ÄúThe Disaster Artist‚Äù had a very strong weekend, taking in $6.4 million in relatively limited release https://t.co/aqQ9xFGouJ",2017-12-10 22:45:05,nytimes,-0.3415,0.159,0.266,0.575,43,y
939985600068845568,Louis C.K. will buy back the rights to his film after sexual misconduct allegations led to the movie‚Äôs shelving https://t.co/F92nFIGdzZ,2017-12-10 22:30:05,nytimes,0.0,0.0,0.0,1.0,44,y
939981833130868738,"This ""Odyssey"" strips away formulaic language to let the characters take center stage https://t.co/EMx7fd4Q8S",2017-12-10 22:15:07,nytimes,0.0,0.0,0.0,1.0,45,y
939978061562372096,Sometimes it‚Äôs hard to keep track of what‚Äôs arriving when. But we‚Äôre here to help. https://t.co/peCXk6zyrC,2017-12-10 22:00:08,nytimes,0.3182,0.149,0.077,0.773,46,y
939974281970241536,"Alexandra Bell puts The New York Times under the microscope, and offers her own ‚Äúcounternarratives‚Äù of the news‚Ä¶ https://t.co/kPDfkmDx1g",2017-12-10 21:45:07,nytimes,0.0,0.0,0.0,1.0,47,y
939970536364544002,"‚ÄúWe were all born to die.‚Äù In our video, we follow a mother who fights her own personal demons as her son fights ca‚Ä¶ https://t.co/s69owvxKdo",2017-12-10 21:30:14,nytimes,-0.6597,0.0,0.197,0.803,48,y
939966712539205637,A tour of Los Angeles‚Äôs flourishing pot scene https://t.co/lzSpDtPJkq,2017-12-10 21:15:02,nytimes,0.0,0.0,0.0,1.0,49,y
939962957844353024,"In a live TV remake of the holiday classic ""A Christmas Story,"" Jane Krakowski plays Ralphie's teacher https://t.co/r1s6lxmM05",2017-12-10 21:00:07,nytimes,0.5719,0.239,0.0,0.761,50,y
939959206236577792,"As Alabama's Senate race winds down, residents are lamenting that policy issues didn't seize the spotlight https://t.co/5RaJtzyHAg",2017-12-10 20:45:13,nytimes,-0.4588,0.0,0.158,0.842,51,y
939955404645240832,"The week‚Äôs top stories, and a look ahead https://t.co/zoAsvlH7W5",2017-12-10 20:30:06,nytimes,0.2023,0.205,0.0,0.795,52,y
939953618547085312,RT @danielle_ivory: NEW: Confidential internal EPA documents obtained by the @nytimes show that a slowdown of enforcement coincides with po‚Ä¶,2017-12-10 20:23:00,nytimes,0.0,0.0,0.0,1.0,53,y
939952721335062528,"RT @nytimesbooks: Did you love ""Brown Girl Dreaming""? @JackieWoodson will publish 2 new books for young readers next year. https://t.co/9jj‚Ä¶",2017-12-10 20:19:26,nytimes,0.6369,0.189,0.0,0.811,54,y
939951613397135360,"Watching the ""Me, Too"" campaign, some particularly courageous Afghan women are more willing to talk about assaults https://t.co/Ws52CUJm2o",2017-12-10 20:15:02,nytimes,0.0498,0.159,0.151,0.69,55,y
939947860623273984,"He's 22, she's 81, and their friendship is melting hearts. A forgotten war orphan. The weird pot scene in L.A. https://t.co/epDpoj7vEX",2017-12-10 20:00:08,nytimes,-0.5574,0.11,0.284,0.606,56,y
939944078447439874,The risk can‚Äôt be ignored but isn‚Äôt as great as it may seem from a recent study https://t.co/M0Gfsl6tft,2017-12-10 19:45:06,nytimes,0.6652,0.247,0.14,0.613,57,y
939942488684589061,The American ambassador to the UN said that the women who have accused Trump of sexual misconduct ‚Äúshould be heard‚Äù https://t.co/eN6Wg9hVRo,2017-12-10 19:38:47,nytimes,-0.296,0.0,0.099,0.901,58,y
939940403696070656,‚ÄúThere is no place for anti-Semitism in our Swedish society. The perpetrators will answer for their crimes.‚Äù https://t.co/4MdjtivD9Z,2017-12-10 19:30:30,nytimes,-0.4939,0.0,0.208,0.792,59,y
939936555858309120,Pick up the phone rather than relying on apps https://t.co/j2WY3UJNOs,2017-12-10 19:15:12,nytimes,0.0,0.0,0.0,1.0,60,y
939932813041786880,The map was expected to sell for over $1 million but was withdrawn from a Christie's sale https://t.co/yfDF7nfIXE,2017-12-10 19:00:20,nytimes,0.0,0.0,0.0,1.0,61,y
939929022506721280,Who are Rey's parents? The internet has theories. https://t.co/YnIOnS6jJX https://t.co/U4qIOOS7Rt,2017-12-10 18:45:16,nytimes,0.0,0.0,0.0,1.0,62,y
939925220886016000,Watch: Ashley Iorio and David Sands met at the United States Naval Academy and were wed on Veterans Day #Daily360‚Ä¶ https://t.co/zsM8BN4HxV,2017-12-10 18:30:10,nytimes,0.4215,0.123,0.0,0.877,63,y
939921427834261506,"In an improbable turn of events, the sound of silence went viral https://t.co/oLYdOmma20",2017-12-10 18:15:05,nytimes,0.0,0.0,0.0,1.0,64,y
939917699756515328,"How to know if an app is appropriate for children, or even educational https://t.co/4LqtR4iPFg",2017-12-10 18:00:17,nytimes,0.0,0.0,0.0,1.0,65,y
939913897221480448,At center stage of what looked like a Nine Inch Nails concert was Taylor Swift https://t.co/ByBFKKZWg1,2017-12-10 17:45:10,nytimes,0.5106,0.249,0.0,0.751,66,y
939910128177963008,"Senator Richard Shelby, a fixture of Republican politics in Alabama, said on national television that the party cou‚Ä¶ https://t.co/zJePeEuBgO",2017-12-10 17:30:11,nytimes,0.4019,0.137,0.0,0.863,67,y
939906368408080384,Opinion: It's been brutal for anyone who believes America‚Äôs public lands are best left in their natural state https://t.co/LzyFFs4u9h,2017-12-10 17:15:15,nytimes,0.3818,0.25,0.153,0.597,68,y
939903233472032769,We‚Äôre interested in hearing from parents whose children faced a serious illness. We invite you to share your experi‚Ä¶ https://t.co/U9UaNOtkNf,2017-12-10 17:02:48,nytimes,0.3612,0.265,0.163,0.571,69,y
939902620621332485,"‚ÄúThey gave me 50/50, but we‚Äôve changed it to 51/49, so that I have the upper hand."" https://t.co/WpJn4eejKV https://t.co/VZqrtaXUDY",2017-12-10 17:00:21,nytimes,0.0,0.0,0.0,1.0,70,y
939898776382312453,President Trump called for a Washington Post reporter to be fired over a misleading tweet https://t.co/60rquXrO18,2017-12-10 16:45:05,nytimes,-0.743,0.0,0.344,0.656,71,y
939895016394248193,Thousands of protesters chanted slogans against Trump‚Äôs decision to recognize Jerusalem as the capital of Israel https://t.co/icMzSfgJ0k,2017-12-10 16:30:08,nytimes,-0.2263,0.0,0.106,0.894,72,y
939891236537880577,Rising incomes allow China‚Äôs retirees to enjoy a retirement that would have been unthinkable for their parents https://t.co/w4gBshsfmM,2017-12-10 16:15:07,nytimes,0.6249,0.254,0.0,0.746,73,y
939891073240977408,RT @EricLiptonNYT: There's widespread evidence that the Trump admin has been rolling back federal regulations. How about enforcement target‚Ä¶,2017-12-10 16:14:28,nytimes,0.0,0.0,0.0,1.0,74,y
939887796248072192,@lucasgrindley We lost that challenge. Sorry about the error. Thanks for catching it! https://t.co/sZeNajXoe4,2017-12-10 16:01:27,nytimes,-0.3382,0.212,0.333,0.455,75,y
939887453057503232,The EPA under President Trump has slowed down efforts to punish polluters https://t.co/R1s7qP5oTR,2017-12-10 16:00:05,nytimes,-0.7506,0.0,0.368,0.632,76,y
939886696660860928,@AnonyMs_One Thanks for alerting us to the error. Sorry about that! https://t.co/sZeNajXoe4,2017-12-10 15:57:05,nytimes,-0.1007,0.179,0.265,0.556,77,y
939883707300827136,"Modern Love: What 9 years of therapy and ""open"" Scrabble taught her about love https://t.co/qAJC03ajuk (Correction:‚Ä¶ https://t.co/SepmMvhYqT",2017-12-10 15:45:12,nytimes,0.8555,0.375,0.0,0.625,78,y
939879893072007168,Max Clifford was serving an 8-year sentence for sexual offenses against victims as young as 15 https://t.co/XqLWWte10z,2017-12-10 15:30:03,nytimes,-0.5423,0.065,0.239,0.697,79,y
939876148712009729,Your cat tattoo can have your actual cat in it https://t.co/4pxWo0GJ4F,2017-12-10 15:15:10,nytimes,0.0,0.0,0.0,1.0,80,y
939872396676403200,"We interviewed members of 7 families who have spoken to parents, grandparents, sons or daughters about sexual assau‚Ä¶ https://t.co/RGe2KNXXEI",2017-12-10 15:00:16,nytimes,0.0,0.0,0.0,1.0,81,y
939864880731099136,"In most places, a dollar is a dollar. But in the tax plan, the amount you make may be less important than how you m‚Ä¶ https://t.co/Zx7pr7K69P",2017-12-10 14:30:24,nytimes,0.1298,0.061,0.0,0.939,82,y
939857317859913730,"Ojai is a picturesque town known for healthy, spiritual living. The California fires have disrupted that. https://t.co/bPYRgMz3es",2017-12-10 14:00:20,nytimes,0.6486,0.275,0.0,0.725,83,y
939849721421680640,Some consumers are finding they can get a better deal on prescription drugs by leaving their insurance cards at home https://t.co/qK3Wrewxyp,2017-12-10 13:30:09,nytimes,0.4404,0.132,0.0,0.868,84,y
939844056561209344,"The Stone: For Veterans, a Path to Healing ‚ÄòMoral Injury‚Äô https://t.co/69S0AXL1cF",2017-12-10 13:07:39,nytimes,0.0,0.0,0.0,1.0,85,y
939842200795533313,"Trump sees the presidency as a prize he must fight to protect every waking moment, and Twitter is his Excalibur‚Ä¶ https://t.co/6aEvx25mLU",2017-12-10 13:00:16,nytimes,0.5106,0.231,0.102,0.667,86,y
939834638503235584,"Jerusalem is not just its postcard vistas. The day-in, day-out friction can be draining. https://t.co/kQqIbm7cqC",2017-12-10 12:30:13,nytimes,0.0,0.0,0.0,1.0,87,y
939827051384713216,"‚ÄúPlease do not shoot me"": Newly released body camera footage shows a police officer shooting an unarmed man in Ariz‚Ä¶ https://t.co/gN14S1iQu1",2017-12-10 12:00:04,nytimes,0.2584,0.097,0.0,0.903,88,y
939823787641573376,Protests in Lebanon Near U.S. Embassy After Trump‚Äôs Jerusalem Decision https://t.co/rhTl1as2l0,2017-12-10 11:47:06,nytimes,-0.2263,0.0,0.16,0.84,89,y
939819513360670720,"92 Somali citizens were flown out of the U.S. under orders of deportation, but their plane never made it to Somalia https://t.co/o0dc6Jm9A2",2017-12-10 11:30:07,nytimes,0.0,0.0,0.0,1.0,90,y
939811982957563905,"What Trump‚Äôs decision to recognize Jerusalem as Israel‚Äôs capital means for the city, the conflict and the world https://t.co/TMzXarFvfL",2017-12-10 11:00:12,nytimes,-0.3182,0.0,0.113,0.887,91,y
939811557965475840,Janet Yellen Didn‚Äôt Set Out to Be a Feminist Hero https://t.co/ZBBXFKq6qG,2017-12-10 10:58:30,nytimes,0.5574,0.286,0.0,0.714,92,y
939805953897189378,"How Luke Bryan and Blake Shelton, 2 of Nashville‚Äôs biggest stars, are adapting to country‚Äôs new ways https://t.co/v9ZM6v9Rqr",2017-12-10 10:36:14,nytimes,0.0,0.0,0.0,1.0,93,y
939801682669658113,She survived a brain tumor at age 4. It was just the start of her fight. https://t.co/JmOzuWU2wz,2017-12-10 10:19:16,nytimes,-0.2263,0.153,0.242,0.605,94,y
939797388704743424,A new way of measuring school performance turns up some unexpected winners https://t.co/gU9YlIGWja,2017-12-10 10:02:12,nytimes,0.4767,0.22,0.0,0.78,95,y
939792634897420289,"The Power of Touch, Especially for Men https://t.co/ZM0Vsniy2Z",2017-12-10 09:43:19,nytimes,0.0,0.0,0.0,1.0,96,y
939789059395907587,"After the death of a young son, can a long road trip help a family to heal? https://t.co/PqFvd8sU6r",2017-12-10 09:29:06,nytimes,-0.296,0.138,0.199,0.663,97,y
939784265029611520,"Tens of thousands of people said goodbye and ""Merci, Johnny"" to the French rocker Johnny Hallyday in Paris https://t.co/NIAg0tdWJa",2017-12-10 09:10:03,nytimes,0.0,0.0,0.0,1.0,98,y
939780109380259840,"‚ÄòS.N.L.,‚Äô Santa and James Franco Relentlessly Tackle Sexual Harassment https://t.co/kgdLeYncPO",2017-12-10 08:53:33,nytimes,-0.5423,0.0,0.28,0.72,99,y
939971494721056768,"RT @BBCOne: SO. MUCH. CUTE. üòç
#AttenboroughandtheGiantElephant https://t.co/4UyVvh6qBm",2017-12-10 21:34:02,BBC,0.6915,0.44,0.0,0.56,0,w
939963544057065473,RT @BBCEarth: 'Never before have we had such an awareness of what we are doing to the planet and never before have we had the power to do s‚Ä¶,2017-12-10 21:02:27,BBC,0.0,0.0,0.0,1.0,1,w
939962955642191873,"üåπ@DuaLipa performing 'Homesick' was a completely stunning way to end this series of #SLFN. üíñ
Watch in full üëâ‚Ä¶ https://t.co/LgMlMfnv7F",2017-12-10 21:00:06,BBC,0.4391,0.145,0.0,0.855,2,w
939962488141107201,"RT @BBCEarth: 'What shocks me ...is how fast things are changing here. We‚Äôre headed into uncharted territory' - @expeditionlog
#BluePlanet2‚Ä¶",2017-12-10 20:58:15,BBC,-0.3818,0.0,0.126,0.874,3,w
939962204429922304,"RT @BBCOne: If we don‚Äôt act, coral reefs could be gone by the end of this century. üò¢ #BluePlanet2 https://t.co/OdOSKBtz0S",2017-12-10 20:57:07,BBC,0.0,0.0,0.0,1.0,4,w
939960337897590785,"RT @BBCEarth: In 1986, many nations decided to end commercial whaling, and fishermen are now reporting pods of whales with numbers never se‚Ä¶",2017-12-10 20:49:42,BBC,0.0,0.0,0.0,1.0,5,w
939959169821503488,"Little things can make a big difference.
#BluePlanet2 via @BBCEarth https://t.co/hyzwA06cNw",2017-12-10 20:45:04,BBC,0.0,0.0,0.0,1.0,6,w
939958899926544387,"RT @BBCSpringwatch: Manmade materials are destroying #OurBluePlanet - this is how
#BluePlanet2 
https://t.co/sEccQzjv1r https://t.co/7ZmDOz‚Ä¶",2017-12-10 20:43:59,BBC,-0.5574,0.0,0.231,0.769,7,w
939958727834292225,"RT @BBCEarth: It‚Äôs estimated that tens of millions of sharks are killed each year from getting trapped in fishing nets
#BluePlanet2 https:/‚Ä¶",2017-12-10 20:43:18,BBC,-0.836,0.0,0.283,0.717,8,w
939953976971288576,RT @BBCOne: These are *all* items regurgitated by birds. üò• #BluePlanet2 https://t.co/WyFtZHjKjx,2017-12-10 20:24:26,BBC,0.0,0.0,0.0,1.0,9,w
939953947661434880,"RT @BBCOne: Our rubbish, our responsibility. ‚úä #BluePlanet2 

Find out more about what you can do to help: https://t.co/LiA3x5I2gk. https:/‚Ä¶",2017-12-10 20:24:19,BBC,0.4019,0.13,0.0,0.87,10,w
939952880857026560,Eight delightful dolphin photos that'll inspire you to help clean up our oceans. #BluePlanet2 üê¨‚ù§Ô∏èÔ∏è‚Ä¶ https://t.co/PP5l7QrqFP,2017-12-10 20:20:04,BBC,0.9169,0.518,0.0,0.482,11,w
939951403916845056,"RT @BBCEarth: ‚ÄòWe‚Äôre only now beginning to realise what an impact noise is having on the inhabitants of the ocean‚Äô ‚Äì David Attenborough
#Bl‚Ä¶",2017-12-10 20:14:12,BBC,0.0,0.0,0.0,1.0,12,w
939949024798498816,"RT @BBCOne: ""The oceans are under threat now as never ever before in human history."" - Sir David Attenborough. #BluePlanet2 https://t.co/yn‚Ä¶",2017-12-10 20:04:45,BBC,-0.5267,0.0,0.152,0.848,13,w
939947554523009028,"RT @BBCEarth: The countdown is on! The final episode of #BluePlanet2: Our Blue Planet starts 8pm GMT on @BBCOne, BBC Earth Nordics &amp; @BBCEa‚Ä¶",2017-12-10 19:58:55,BBC,0.0,0.0,0.0,1.0,14,w
939947405553827841,"RT @BBCSpringwatch: Seven British conservation heroes you should know about - this lot deserve endless üëèüèΩüëèüèΩ
#BluePlanet2 #OurBluePlanet 
ht‚Ä¶",2017-12-10 19:58:19,BBC,0.5106,0.163,0.0,0.837,15,w
939945318166253569,"'Good luck, little leatherback' - Sir David Attenborough üê¢

#BluePlanet2 | 8PM | @BBCOne https://t.co/vMliWBZFBE",2017-12-10 19:50:01,BBC,0.7096,0.396,0.0,0.604,16,w
939940286808997889,"'There's a huge bomb up there. I'm 76% sure. It's not like the penguin hostage situation.' üêßüòÇ
#ScotSquad via‚Ä¶ https://t.co/x8I92iMImk",2017-12-10 19:30:02,BBC,-0.1803,0.185,0.213,0.602,17,w
939932739549065216,Miles of cable and thousands of twinkling bulbs have been used to create the longest festive tunnel of light in Eur‚Ä¶ https://t.co/C22wpljo2u,2017-12-10 19:00:02,BBC,0.6249,0.203,0.0,0.797,18,w
939925954323009538,"Tonight, David Attenborough investigates the remarkable story of Jumbo the elephant. Attenborough and the Giant Ele‚Ä¶ https://t.co/4NK1B5ZNwr",2017-12-10 18:33:05,BBC,0.5574,0.184,0.0,0.816,19,w
939971494721056768,"RT @BBCOne: SO. MUCH. CUTE. üòç
#AttenboroughandtheGiantElephant https://t.co/4UyVvh6qBm",2017-12-10 21:34:02,BBC,0.6915,0.44,0.0,0.56,20,w
939963544057065473,RT @BBCEarth: 'Never before have we had such an awareness of what we are doing to the planet and never before have we had the power to do s‚Ä¶,2017-12-10 21:02:27,BBC,0.0,0.0,0.0,1.0,21,w
939962955642191873,"üåπ@DuaLipa performing 'Homesick' was a completely stunning way to end this series of #SLFN. üíñ
Watch in full üëâ‚Ä¶ https://t.co/LgMlMfnv7F",2017-12-10 21:00:06,BBC,0.4391,0.145,0.0,0.855,22,w
939962488141107201,"RT @BBCEarth: 'What shocks me ...is how fast things are changing here. We‚Äôre headed into uncharted territory' - @expeditionlog
#BluePlanet2‚Ä¶",2017-12-10 20:58:15,BBC,-0.3818,0.0,0.126,0.874,23,w
939962204429922304,"RT @BBCOne: If we don‚Äôt act, coral reefs could be gone by the end of this century. üò¢ #BluePlanet2 https://t.co/OdOSKBtz0S",2017-12-10 20:57:07,BBC,0.0,0.0,0.0,1.0,24,w
939960337897590785,"RT @BBCEarth: In 1986, many nations decided to end commercial whaling, and fishermen are now reporting pods of whales with numbers never se‚Ä¶",2017-12-10 20:49:42,BBC,0.0,0.0,0.0,1.0,25,w
939959169821503488,"Little things can make a big difference.
#BluePlanet2 via @BBCEarth https://t.co/hyzwA06cNw",2017-12-10 20:45:04,BBC,0.0,0.0,0.0,1.0,26,w
939958899926544387,"RT @BBCSpringwatch: Manmade materials are destroying #OurBluePlanet - this is how
#BluePlanet2 
https://t.co/sEccQzjv1r https://t.co/7ZmDOz‚Ä¶",2017-12-10 20:43:59,BBC,-0.5574,0.0,0.231,0.769,27,w
939958727834292225,"RT @BBCEarth: It‚Äôs estimated that tens of millions of sharks are killed each year from getting trapped in fishing nets
#BluePlanet2 https:/‚Ä¶",2017-12-10 20:43:18,BBC,-0.836,0.0,0.283,0.717,28,w
939953976971288576,RT @BBCOne: These are *all* items regurgitated by birds. üò• #BluePlanet2 https://t.co/WyFtZHjKjx,2017-12-10 20:24:26,BBC,0.0,0.0,0.0,1.0,29,w
939953947661434880,"RT @BBCOne: Our rubbish, our responsibility. ‚úä #BluePlanet2 

Find out more about what you can do to help: https://t.co/LiA3x5I2gk. https:/‚Ä¶",2017-12-10 20:24:19,BBC,0.4019,0.13,0.0,0.87,30,w
939952880857026560,Eight delightful dolphin photos that'll inspire you to help clean up our oceans. #BluePlanet2 üê¨‚ù§Ô∏èÔ∏è‚Ä¶ https://t.co/PP5l7QrqFP,2017-12-10 20:20:04,BBC,0.9169,0.518,0.0,0.482,31,w
939951403916845056,"RT @BBCEarth: ‚ÄòWe‚Äôre only now beginning to realise what an impact noise is having on the inhabitants of the ocean‚Äô ‚Äì David Attenborough
#Bl‚Ä¶",2017-12-10 20:14:12,BBC,0.0,0.0,0.0,1.0,32,w
939949024798498816,"RT @BBCOne: ""The oceans are under threat now as never ever before in human history."" - Sir David Attenborough. #BluePlanet2 https://t.co/yn‚Ä¶",2017-12-10 20:04:45,BBC,-0.5267,0.0,0.152,0.848,33,w
939947554523009028,"RT @BBCEarth: The countdown is on! The final episode of #BluePlanet2: Our Blue Planet starts 8pm GMT on @BBCOne, BBC Earth Nordics &amp; @BBCEa‚Ä¶",2017-12-10 19:58:55,BBC,0.0,0.0,0.0,1.0,34,w
939947405553827841,"RT @BBCSpringwatch: Seven British conservation heroes you should know about - this lot deserve endless üëèüèΩüëèüèΩ
#BluePlanet2 #OurBluePlanet 
ht‚Ä¶",2017-12-10 19:58:19,BBC,0.5106,0.163,0.0,0.837,35,w
939945318166253569,"'Good luck, little leatherback' - Sir David Attenborough üê¢

#BluePlanet2 | 8PM | @BBCOne https://t.co/vMliWBZFBE",2017-12-10 19:50:01,BBC,0.7096,0.396,0.0,0.604,36,w
939940286808997889,"'There's a huge bomb up there. I'm 76% sure. It's not like the penguin hostage situation.' üêßüòÇ
#ScotSquad via‚Ä¶ https://t.co/x8I92iMImk",2017-12-10 19:30:02,BBC,-0.1803,0.185,0.213,0.602,37,w
939932739549065216,Miles of cable and thousands of twinkling bulbs have been used to create the longest festive tunnel of light in Eur‚Ä¶ https://t.co/C22wpljo2u,2017-12-10 19:00:02,BBC,0.6249,0.203,0.0,0.797,38,w
939925954323009538,"Tonight, David Attenborough investigates the remarkable story of Jumbo the elephant. Attenborough and the Giant Ele‚Ä¶ https://t.co/4NK1B5ZNwr",2017-12-10 18:33:05,BBC,0.5574,0.184,0.0,0.816,39,w
939917655141621760,"98-year-old Mary wins Christmas, and our hearts. üéÅ‚ù§Ô∏èÔ∏è
Via @BBCLookNorth. https://t.co/4gOl16THuM",2017-12-10 18:00:06,BBC,0.5719,0.27,0.0,0.73,40,w
939915396857163778,RT @BBCTwo: Who wants a Sneaky Peak at the next episode of #PeakyBlinders? üò± https://t.co/tzCB83ceSS,2017-12-10 17:51:08,BBC,-0.2263,0.0,0.137,0.863,41,w
939915345149689856,"RT @bbcstories: ""I think people my age think that death is something to be scared of but I think it's like being free and at peace"" - Meet‚Ä¶",2017-12-10 17:50:55,BBC,0.8765,0.329,0.116,0.555,42,w
939910106707308544,üìª How to deal with mental health issues in the family. https://t.co/48BOLabkXK https://t.co/7Eh3EjYywg,2017-12-10 17:30:06,BBC,0.0,0.0,0.0,1.0,43,w
939902533425807360,This 12-year-old has created a cheap way to test lead levels in water using a mobile phone app. üö∞üì±Via @BBCClick. https://t.co/TWqttOHJX3,2017-12-10 17:00:01,BBC,0.25,0.1,0.0,0.9,44,w
939895009410678787,üìûüëΩ We've been listening for signs of life from other worlds for decades with little success. But what should we do‚Ä¶ https://t.co/e3IETfS8cs,2017-12-10 16:30:07,BBC,0.5279,0.14,0.0,0.86,45,w
939887454827327488,Thousands of internet users have come together to buy this stunning castle... although it does need a little TLC. üè∞‚Ä¶ https://t.co/qhkNd4HyM5,2017-12-10 16:00:06,BBC,0.4588,0.136,0.0,0.864,46,w
939879899464007681,"That was unexpected. üòÇ

Michael McIntyre's Big Show via @BBCOne. https://t.co/2QUZXppIbQ",2017-12-10 15:30:04,BBC,0.0,0.0,0.0,1.0,47,w
939873102862999553,#SkiSunday is back! ‚õ∑üéø Join the team in Val D'Isere for the men's slalom. 5:15pm on @BBCTwo. https://t.co/mPdHEuxHOX https://t.co/w3pqO1lCn6,2017-12-10 15:03:04,BBC,0.3595,0.122,0.0,0.878,48,w
939864810589773824,"üí∞ @DanTDM has been named the highest-earning YouTuber of 2017 - making ¬£12.3m this year, according to @Forbes magaz‚Ä¶ https://t.co/yVEcwct3Es",2017-12-10 14:30:07,BBC,0.0,0.0,0.0,1.0,49,w
939857258124476416,"Rebel Wilson reenacts her Pitch Perfect audition and it‚Äôs slap-tastic.

The Graham Norton Show | @BBCOne https://t.co/TYszXcf9ZH",2017-12-10 14:00:06,BBC,0.4767,0.192,0.083,0.725,50,w
939849704615174144,The BBC has made the 1930s issues of the complete Radio Times magazines available online for the first time. üìª Chec‚Ä¶ https://t.co/aeK8TTggDW,2017-12-10 13:30:05,BBC,0.0,0.0,0.0,1.0,51,w
939842162375757824,"From Dark, to the return of The Crown &amp; a #DoctorWho Christmas special, here are the TV shows worth watching in Dec‚Ä¶ https://t.co/4qq2MlpONj",2017-12-10 13:00:07,BBC,0.5574,0.187,0.0,0.813,52,w
939838072233000960,"RT @bbcthree: In 2011 BBC Three made a documentary about a boy who defied his bullies. 

Now #EverybodysTalkingAboutJamie again. https://t.‚Ä¶",2017-12-10 12:43:52,BBC,0.0,0.0,0.0,1.0,53,w
939834595385606144,"'There's ignorance about employment law &amp; people don't want to hear complaints.'
Classical music has a sexual haras‚Ä¶ https://t.co/PpdlbV0Gck",2017-12-10 12:30:03,BBC,-0.4063,0.0,0.189,0.811,54,w
939827045055586304,"'Their birthdays are never easy.' 
Hannah is one of thousands of mums living with PTSD from experiencing traumatic‚Ä¶ https://t.co/lPMW5VXHfa",2017-12-10 12:00:03,BBC,0.0,0.0,0.0,1.0,55,w
939819509699022848,"How do you make puppets fall in love? ‚ù§Ô∏èÔ∏èüéé
Puppeteers reveal their techniques. https://t.co/GPNqLrFZit https://t.co/HfB09Yw8ek",2017-12-10 11:30:06,BBC,0.6369,0.231,0.0,0.769,56,w
939815872318922752,"RT @CBeebiesHQ: He's the disco dancing, geography guide with the moves! üòé

@BBCStrictly doesn't know what's hit it! üòÜ

#GoJettersüï∫

#Strict‚Ä¶",2017-12-10 11:15:39,BBC,0.0,0.0,0.0,1.0,57,w
939813254016184320,"RT @BBCBreakfast: A clairvoyant cat? üêà Or a turtle in the know?üê¢
Animals in Russia are predicting the outcome of @FIFAWorldCup 2018 https:/‚Ä¶",2017-12-10 11:05:15,BBC,0.0,0.0,0.0,1.0,58,w
939812992887246848,RT @BBCOne: David Attenborough uncovers the story of Jumbo ‚Äì a celebrity animal superstar who is said to have inspired the movie Dumbo. Ton‚Ä¶,2017-12-10 11:04:13,BBC,0.4939,0.132,0.0,0.868,59,w
939811960304087040,Watch @ScottishBallet's incredible interpretations of Stravinsky. https://t.co/NGZuhnKutW https://t.co/vUOkoaJ7mc,2017-12-10 11:00:06,BBC,0.0,0.0,0.0,1.0,60,w
939804405620191233,‚úä @Time magazine has named 'the Silence Breakers' - women who spoke out against sexual abuse &amp; harassment - as its‚Ä¶ https://t.co/roSq8US4Ev,2017-12-10 10:30:05,BBC,-0.8271,0.0,0.312,0.688,61,w
939802717266042880,RT @BBCWthrWatchers: Some great pics of #UKsnow sent in by the early risers! https://t.co/b9Of6bvvIz,2017-12-10 10:23:23,BBC,0.6588,0.253,0.0,0.747,62,w
939802129816084486,"RT @BBCR1: üéÑ BIG FESTIVE NEWS üéÑ

We've invited some of your favourite stars to take over Radio 1 on Christmas Day!

Get ready for Superstar‚Ä¶",2017-12-10 10:21:03,BBC,0.7597,0.237,0.0,0.763,63,w
939801812344954880,"RT @BBCEarth: These orca just want a meal, but they could be risking their lives. üíô#BluePlanet2 https://t.co/JeLlETfohs",2017-12-10 10:19:47,BBC,-0.4215,0.064,0.163,0.773,64,w
939796848205688832,"'Whilst I appreciate the lovely people slowing down, if you see somebody with a guide dog, just drive on. Ziggy's g‚Ä¶ https://t.co/CeH3p8geLq",2017-12-10 10:00:03,BBC,0.7579,0.265,0.0,0.735,65,w
939789294985760770,"‚ÄòWhy won‚Äôt he let me leave?!'
The #BluePlanet2 team had a rather unexpected visitor while filming in the Galapagos.‚Ä¶ https://t.co/vvBS7WorXO",2017-12-10 09:30:03,BBC,0.0,0.0,0.0,1.0,66,w
939781766222671872,"The Greek concept of philoxenia, which translates as ‚Äòlove of strangers‚Äô, is a warmth that makes foreigners feel im‚Ä¶ https://t.co/O3BzC7lUp3",2017-12-10 09:00:08,BBC,0.4588,0.143,0.0,0.857,67,w
939766658595540992,"A study of nearly 12,000 children in the UK found 25% were overweight or obese at age seven, rising to 35% at 11.‚Ä¶ https://t.co/41qA60xnUd",2017-12-10 08:00:06,BBC,-0.3612,0.0,0.102,0.898,68,w
939593043015098369,"GET EXCITED!! üé§‚ù§Ô∏èÔ∏èüé∂
@Camila_Cabello has set the release date of her debut album Camila for 12 January.‚Ä¶ https://t.co/gRtJVD7FEh",2017-12-09 20:30:12,BBC,0.5743,0.179,0.0,0.821,69,w
939585452641677313,"Have we got five eight-year-olds robbing houses? No! We've got two bams with triplets. üòÇ
#ScotSquad via‚Ä¶ https://t.co/HUsw0CjaoY",2017-12-09 20:00:03,BBC,-0.3595,0.0,0.135,0.865,70,w
939577925304750080,"The history of condoms stretches back around 3,000 years ‚Äì but they still offer the best protection against STIs.‚Ä¶ https://t.co/shw3Jn5og1",2017-12-09 19:30:08,BBC,0.7783,0.244,0.0,0.756,71,w
939570351440257024,"Sexually frivolous and morally ambiguous. 
Meet pro wrestling‚Äôs pansexual phenomenon...üè≥Ô∏è‚Äçüåàü§º‚Äç‚ôÄÔ∏è
Via @BBC5Live. https://t.co/2Asruxhnv8",2017-12-09 19:00:02,BBC,0.0,0.0,0.0,1.0,72,w
939565128948822017,"RT @BBCWthrWatchers: Ok, so #snow can be a pain ...but wow üòç 
We're all feeling just a little more festive after your great efforts today!‚Ä¶",2017-12-09 18:39:17,BBC,0.8911,0.436,0.096,0.468,73,w
939565097692942337,"RT @bbcthree: YOU'VE BEEN LIVING A LIE.
https://t.co/YUCx48Mv0o",2017-12-09 18:39:10,BBC,0.0,0.0,0.0,1.0,74,w
939564262183391232,"RT @bbcstories: Do our young men lack positive role models? Davis thought so, so he founded The Manhood Academy. #EverydayHeroes https://t.‚Ä¶",2017-12-09 18:35:51,BBC,0.3182,0.145,0.092,0.763,75,w
939563683033870337,"RT @BBCEarth: In Cape Verde, @ProjetoBioSal is on a mission to save baby turtles from human impact. üê¢
#OurBluePlanet w/ @AluciaProd https:/‚Ä¶",2017-12-09 18:33:32,BBC,0.4939,0.144,0.0,0.856,76,w
939563653501734912,"RT @BBCSpringwatch: Brrr, a chilly one tonight!
Luckily we've some gorgeous grey seals in our advent calendar to warm to cockles of your he‚Ä¶",2017-12-09 18:33:25,BBC,0.8655,0.36,0.0,0.64,77,w
939563639908065280,"RT @bbcmusic: ‚ú®@RagNBoneManUK brought all the feels to #SLFN with his stunning performance of 'As You Are' 
Watch in full üëâhttps://t.co/JmZ‚Ä¶",2017-12-09 18:33:22,BBC,0.3818,0.115,0.0,0.885,78,w
939562953749254144,30 years of Fairytale of New York: 10 true tales behind the @PoguesOfficial's Christmas favourite. üéÅüéÑ‚Ä¶ https://t.co/LClO0krtv0,2017-12-09 18:30:39,BBC,0.4215,0.149,0.0,0.851,79,w
939555259566850048,"Ever wondered what London looked like 2000 years ago? üá¨üáß
#DiggingForBritain, now on @BBCiPlayer üëâ‚Ä¶ https://t.co/fd74UnWzF4",2017-12-09 18:00:04,BBC,0.3612,0.143,0.0,0.857,80,w
939548727261433856,"Tonight, @McInTweet is joined by @JasonManford and @TheVampsband. üåüüé∂üòÇ Michael McIntyre's Big Show. 8:20pm on‚Ä¶ https://t.co/NW4Y5gYger",2017-12-09 17:34:07,BBC,0.0,0.0,0.0,1.0,81,w
939540169471823872,"'I know it's not real because I'm surrounded by people eating crisps.' üòÇüé≠
#LiveAtTheApollo via @BBCTwo. https://t.co/1zwUd8oCvi",2017-12-09 17:00:06,BBC,0.0,0.0,0.0,1.0,82,w
939532616570720256,"Alice is a 26-year-old mum. She's married, she has schizophrenia &amp; she is fed up of being portrayed as 'dangerous'‚Ä¶ https://t.co/hy2APiuz5L",2017-12-09 16:30:06,BBC,0.0,0.0,0.0,1.0,83,w
939525067750498304,Astronomers have discovered the most distant 'supermassive' black hole known to science. ‚òÑüî≠ https://t.co/OYWmKfE4t4 https://t.co/10PPSeYkT2,2017-12-09 16:00:06,BBC,0.0,0.0,0.0,1.0,84,w
939517521136357376,Claire Foy talks about what will be her last outing as Britain‚Äôs longest serving monarch - and hints at choppy wate‚Ä¶ https://t.co/z6WuYfwM3d,2017-12-09 15:30:07,BBC,0.0,0.0,0.0,1.0,85,w
939509976422371330,"I'm celebrating natural beauty - 'Instagram isn't real life.' @IAmSonnyTurner
These five body positive champions ar‚Ä¶ https://t.co/uUr8AHsfgq",2017-12-09 15:00:08,BBC,0.9517,0.607,0.0,0.393,86,w
939502402146746368,"Could you live with your partner alone in a remote lighthouse for 6 months?
Via @BBCWorldService. https://t.co/7gNRygiGKr",2017-12-09 14:30:02,BBC,-0.25,0.0,0.125,0.875,87,w
939497374174494721,"üéµ Jack Black‚Äôs Jumanji theme tune is the best. üòÇ
Via @BBCOne. https://t.co/bqpYxQ8cot",2017-12-09 14:10:03,BBC,0.6369,0.296,0.0,0.704,88,w
939488569412014080,Dyslexie is a font that aims to overcome some of the problems that people with dyslexia can have when reading.‚Ä¶ https://t.co/d3GZEMdZgc,2017-12-09 13:35:04,BBC,-0.4019,0.0,0.124,0.876,89,w
939479767958433797,"üî¨üå° Heard of Terrific Scientific, the BBC‚Äôs science campaign for primary pupils? 

If you know a brilliant teacher,‚Ä¶ https://t.co/DtpAloo5Fe",2017-12-09 13:00:06,BBC,0.7845,0.301,0.0,0.699,90,w
939472462349291520,Many coastal communities are already battling the effects of sea level rise - and it's made worse by the fact that‚Ä¶ https://t.co/WRpTIDB2e9,2017-12-09 12:31:04,BBC,-0.6369,0.0,0.215,0.785,91,w
939464655163998215,"Danielle is breaking deaf world records left right &amp; centre. üèä‚ù§Ô∏èÔ∏è
Via @BBCTheSocial. https://t.co/XRlJU7UdU7",2017-12-09 12:00:02,BBC,0.0,0.0,0.0,1.0,92,w
939457115760062465,Do you feel pressure when giving Christmas gifts? @DrRadhaModgil discusses the psychology of giving &amp; receiving gif‚Ä¶ https://t.co/DtkRGlOvdW,2017-12-09 11:30:05,BBC,0.3818,0.218,0.1,0.682,93,w
939449315352858624,RT @bbcthree: Lynsey is saving condemned dogs and finding them forever homes. https://t.co/aF7j3gaZil,2017-12-09 10:59:05,BBC,-0.4404,0.0,0.195,0.805,94,w
939446151752843265,"RT @bbcmusic: Nearly seven months later, we look back on the #OneLoveManchester concert staged by @ArianaGrande after the devastating attac‚Ä¶",2017-12-09 10:46:31,BBC,-0.6486,0.0,0.185,0.815,95,w
939445746755088384,"RT @BBCr4today: If you do one thing today...

Listen to Gaelynn Lea play the violin #r4today https://t.co/nXixd8e8rO",2017-12-09 10:44:54,BBC,0.34,0.13,0.0,0.87,96,w
939442015250649088,"üëÇüèªüìñ @SJ_Watson was an audiology specialist before penning the international bestseller Before I Go To Sleep. 
5 peo‚Ä¶ https://t.co/RqDVSZ8Ntl",2017-12-09 10:30:05,BBC,0.0,0.0,0.0,1.0,97,w
939434459140460544,"Mason has used his pocket money to fund random acts of kindness this year in memory of his brother, Ross. ‚ù§Ô∏èÔ∏è Via‚Ä¶ https://t.co/asKJ9me2MY",2017-12-09 10:00:03,BBC,0.4588,0.12,0.0,0.88,98,w
939426907606716417,"Who even needs a calculator anyway? 
Via BBC Minute https://t.co/5LIDp3hZXh",2017-12-09 09:30:03,BBC,0.0,0.0,0.0,1.0,99,w
940066140784508928,McLaren's 'most extreme' road car costs $1 million https://t.co/a1Unk82nwx https://t.co/yvlL9LCdSq,2017-12-11 03:50:08,CNN,0.0,0.0,0.0,1.0,0,r
940063719001690114,Venezuelan President Nicolas Maduro has said that some of the main opposition parties will not be allowed to run in‚Ä¶ https://t.co/VmN9pU5gEC,2017-12-11 03:40:30,CNN,0.4019,0.119,0.0,0.881,1,r
940061125667840001,These are the most eye-catching photos from 2017 https://t.co/lXgXsyNfa6 https://t.co/Z6N0yRLk60,2017-12-11 03:30:12,CNN,0.0,0.0,0.0,1.0,2,r
940059842160443393,"Heavy snow fell in many parts of the UK on Sunday as Storm Caroline, the biggest storm so far this year, caused wid‚Ä¶ https://t.co/R9UCEICrxm",2017-12-11 03:25:06,CNN,0.0,0.0,0.0,1.0,3,r
940057819247656961,"Global arms sales increased for the first time in five years in 2016, a new report says https://t.co/thhQ2sqH3c https://t.co/mjSUBUVzic",2017-12-11 03:17:04,CNN,0.2732,0.11,0.0,0.89,4,r
940054984086863872,The revelation that a black hole grew in just five hundred million years challenges our models of how early galaxie‚Ä¶ https://t.co/A6dhPi6bDe,2017-12-11 03:05:48,CNN,0.0772,0.064,0.0,0.936,5,r
940053833350225920,Voting for CNN Hero of the Year CLOSES Tuesday 12/12 at 11:59pm PT -- VOTE NOW at https://t.co/ANMKKkTX4Z!‚Ä¶ https://t.co/dx1AFkowA7,2017-12-11 03:01:13,CNN,0.5983,0.178,0.0,0.822,6,r
940052735017099265,"Sunday was a tale of two campaigns for Alabama‚Äôs special Senate election, with Democratic candidate Doug Jones barn‚Ä¶ https://t.co/jL6LWnNYrp",2017-12-11 02:56:52,CNN,0.4019,0.137,0.0,0.863,7,r
940050270473433088,"""Time is of the essence,"" UN official says after visit to North Korea https://t.co/Ndbay5jZKB https://t.co/Ik94KKGF5X",2017-12-11 02:47:04,CNN,0.0,0.0,0.0,1.0,8,r
940047532276641792,"""Mutual destruction is only one impulsive tantrum away."" 2017 Nobel Peace Prize winners urge world leaders to prohi‚Ä¶ https://t.co/cdt0zVvUGy",2017-12-11 02:36:11,CNN,0.5267,0.326,0.214,0.461,9,r
940046161351557120,3-D printing braces up sea turtle with gap in its shell https://t.co/mhGanIyPvv https://t.co/sfqprWjpiv,2017-12-11 02:30:44,CNN,0.0,0.0,0.0,1.0,10,r
940042860832759814,"Turkish President Recep Tayyip Erdogan called Israel a ""terrorist"" and ""child-murderer state"" as he criticized US P‚Ä¶ https://t.co/BKnHlFnpqF",2017-12-11 02:17:37,CNN,-0.3612,0.0,0.135,0.865,11,r
940041973347401728,A Hong Kong resident shares his tips for street photography so your images will look like a pro snapped them‚Ä¶ https://t.co/5WoufYP4mX,2017-12-11 02:14:06,CNN,0.5719,0.217,0.0,0.783,12,r
940038521598832642,He was shot and killed by Chicago police in 2014. But that‚Äôs just the beginning of this story. #BeneathTheSkin‚Ä¶ https://t.co/5v9LwaIdhK,2017-12-11 02:00:23,CNN,-0.6705,0.0,0.191,0.809,13,r
940036405417275397,The Chicago Board Options Exchange on Sunday began trading bitcoin futures -- a new step for the cryptocurrency‚Ä¶ https://t.co/ioVnnfy3wf,2017-12-11 01:51:58,CNN,0.0,0.0,0.0,1.0,14,r
940030936485212160,"17 million infants around the world are breathing toxic air that can severely affect brain development, a new UNICE‚Ä¶ https://t.co/17hus7Dff3",2017-12-11 01:30:14,CNN,-0.4588,0.0,0.143,0.857,15,r
940028665957511169,"Global arms sales increased for the first time in five years in 2016, a new report says https://t.co/K6yTDlfed9 https://t.co/i4cYJ3hftu",2017-12-11 01:21:13,CNN,0.2732,0.11,0.0,0.89,16,r
940019570693279745,Israeli army destroys tunnel from Gaza https://t.co/emKGf8IPZW https://t.co/OHXDWt8Vtc,2017-12-11 00:45:05,CNN,-0.5574,0.0,0.34,0.66,17,r
940015810315276288,"During an appearance on a conspiracy-driven radio show in 2011, Alabama Senate candidate Roy Moore said getting rid‚Ä¶ https://t.co/B4cZRMxXO6",2017-12-11 00:30:08,CNN,0.0,0.0,0.0,1.0,18,r
940012024968474624,Sirius XM faces celebrity backlash after former White House Chief Strategist Steve Bannon rejoins radio show‚Ä¶ https://t.co/HLJZVwW78o,2017-12-11 00:15:05,CNN,0.0,0.0,0.0,1.0,19,r
940066140784508928,McLaren's 'most extreme' road car costs $1 million https://t.co/a1Unk82nwx https://t.co/yvlL9LCdSq,2017-12-11 03:50:08,CNN,0.0,0.0,0.0,1.0,20,r
940063719001690114,Venezuelan President Nicolas Maduro has said that some of the main opposition parties will not be allowed to run in‚Ä¶ https://t.co/VmN9pU5gEC,2017-12-11 03:40:30,CNN,0.4019,0.119,0.0,0.881,21,r
940061125667840001,These are the most eye-catching photos from 2017 https://t.co/lXgXsyNfa6 https://t.co/Z6N0yRLk60,2017-12-11 03:30:12,CNN,0.0,0.0,0.0,1.0,22,r
940059842160443393,"Heavy snow fell in many parts of the UK on Sunday as Storm Caroline, the biggest storm so far this year, caused wid‚Ä¶ https://t.co/R9UCEICrxm",2017-12-11 03:25:06,CNN,0.0,0.0,0.0,1.0,23,r
940057819247656961,"Global arms sales increased for the first time in five years in 2016, a new report says https://t.co/thhQ2sqH3c https://t.co/mjSUBUVzic",2017-12-11 03:17:04,CNN,0.2732,0.11,0.0,0.89,24,r
940054984086863872,The revelation that a black hole grew in just five hundred million years challenges our models of how early galaxie‚Ä¶ https://t.co/A6dhPi6bDe,2017-12-11 03:05:48,CNN,0.0772,0.064,0.0,0.936,25,r
940053833350225920,Voting for CNN Hero of the Year CLOSES Tuesday 12/12 at 11:59pm PT -- VOTE NOW at https://t.co/ANMKKkTX4Z!‚Ä¶ https://t.co/dx1AFkowA7,2017-12-11 03:01:13,CNN,0.5983,0.178,0.0,0.822,26,r
940052735017099265,"Sunday was a tale of two campaigns for Alabama‚Äôs special Senate election, with Democratic candidate Doug Jones barn‚Ä¶ https://t.co/jL6LWnNYrp",2017-12-11 02:56:52,CNN,0.4019,0.137,0.0,0.863,27,r
940050270473433088,"""Time is of the essence,"" UN official says after visit to North Korea https://t.co/Ndbay5jZKB https://t.co/Ik94KKGF5X",2017-12-11 02:47:04,CNN,0.0,0.0,0.0,1.0,28,r
940047532276641792,"""Mutual destruction is only one impulsive tantrum away."" 2017 Nobel Peace Prize winners urge world leaders to prohi‚Ä¶ https://t.co/cdt0zVvUGy",2017-12-11 02:36:11,CNN,0.5267,0.326,0.214,0.461,29,r
940046161351557120,3-D printing braces up sea turtle with gap in its shell https://t.co/mhGanIyPvv https://t.co/sfqprWjpiv,2017-12-11 02:30:44,CNN,0.0,0.0,0.0,1.0,30,r
940042860832759814,"Turkish President Recep Tayyip Erdogan called Israel a ""terrorist"" and ""child-murderer state"" as he criticized US P‚Ä¶ https://t.co/BKnHlFnpqF",2017-12-11 02:17:37,CNN,-0.3612,0.0,0.135,0.865,31,r
940041973347401728,A Hong Kong resident shares his tips for street photography so your images will look like a pro snapped them‚Ä¶ https://t.co/5WoufYP4mX,2017-12-11 02:14:06,CNN,0.5719,0.217,0.0,0.783,32,r
940038521598832642,He was shot and killed by Chicago police in 2014. But that‚Äôs just the beginning of this story. #BeneathTheSkin‚Ä¶ https://t.co/5v9LwaIdhK,2017-12-11 02:00:23,CNN,-0.6705,0.0,0.191,0.809,33,r
940036405417275397,The Chicago Board Options Exchange on Sunday began trading bitcoin futures -- a new step for the cryptocurrency‚Ä¶ https://t.co/ioVnnfy3wf,2017-12-11 01:51:58,CNN,0.0,0.0,0.0,1.0,34,r
940030936485212160,"17 million infants around the world are breathing toxic air that can severely affect brain development, a new UNICE‚Ä¶ https://t.co/17hus7Dff3",2017-12-11 01:30:14,CNN,-0.4588,0.0,0.143,0.857,35,r
940028665957511169,"Global arms sales increased for the first time in five years in 2016, a new report says https://t.co/K6yTDlfed9 https://t.co/i4cYJ3hftu",2017-12-11 01:21:13,CNN,0.2732,0.11,0.0,0.89,36,r
940019570693279745,Israeli army destroys tunnel from Gaza https://t.co/emKGf8IPZW https://t.co/OHXDWt8Vtc,2017-12-11 00:45:05,CNN,-0.5574,0.0,0.34,0.66,37,r
940015810315276288,"During an appearance on a conspiracy-driven radio show in 2011, Alabama Senate candidate Roy Moore said getting rid‚Ä¶ https://t.co/B4cZRMxXO6",2017-12-11 00:30:08,CNN,0.0,0.0,0.0,1.0,38,r
940012024968474624,Sirius XM faces celebrity backlash after former White House Chief Strategist Steve Bannon rejoins radio show‚Ä¶ https://t.co/HLJZVwW78o,2017-12-11 00:15:05,CNN,0.0,0.0,0.0,1.0,39,r
940008397650518018,The rise of a ‚Äòfish mafia‚Äô in this small Mexican town is killing off an entire population of small porpoises.‚Ä¶ https://t.co/W0tTmNUogp,2017-12-11 00:00:41,CNN,-0.6597,0.0,0.188,0.812,40,r
940004859025219584,"‚ÄúWe're not looking for perfection, we're just looking for better than yesterday."" After rehab changed his life, Aar‚Ä¶ https://t.co/fVpZmBWzqm",2017-12-10 23:46:37,CNN,-0.0253,0.127,0.131,0.742,41,r
940000857084645376,President Trump spoke at the opening of the Mississippi Civil Rights Museum. Some civil rights and community leader‚Ä¶ https://t.co/sX8XMVX9k3,2017-12-10 23:30:43,CNN,0.0,0.0,0.0,1.0,42,r
939996935347417089,"Israel airstrikes, Gaza rockets amid tensions over Jerusalem https://t.co/8zRuyw7PO4 https://t.co/P47G7huOe0",2017-12-10 23:15:08,CNN,-0.4019,0.0,0.231,0.769,43,r
939993158359842818,FBI email shows Attorney General Jeff Sessions wasn't required to disclose foreign contacts for security clearance‚Ä¶ https://t.co/RWekrGKgQJ,2017-12-10 23:00:07,CNN,0.34,0.13,0.0,0.87,44,r
939989380348948481,McLaren's 'most extreme' road car costs $1 million https://t.co/5CwE92eNfD https://t.co/GrQmRbIrMg,2017-12-10 22:45:07,CNN,0.0,0.0,0.0,1.0,45,r
939985620696555520,"Vice President Mike Pence and Palestinian Authority President Mahmoud Abbas won't meet, vice president's office con‚Ä¶ https://t.co/Tx9YkRLoca",2017-12-10 22:30:10,CNN,0.0772,0.075,0.0,0.925,46,r
939981840705904641,"UN chief says ""America First"" slogan is ""detrimental to American interests"" https://t.co/Fdmv3o9TUT https://t.co/T3Z51xTtC2",2017-12-10 22:15:09,CNN,0.25,0.143,0.0,0.857,47,r
939978113613787138,"Even with Congress in session, all eyes will be on Alabama on Tuesday https://t.co/Qa1pMjzwfv https://t.co/PjNhNKkHcH",2017-12-10 22:00:20,CNN,0.0,0.0,0.0,1.0,48,r
939974297485004800,Interior Secretary Ryan Zinke is pushing for a controversial road through a federally protected wilderness area in‚Ä¶ https://t.co/pDolVX4lDn,2017-12-10 21:45:11,CNN,0.2732,0.155,0.096,0.749,49,r
939970503221108737,"""We should all be willing to listen to"" women who speak up about inappropriate sexual behavior, including President‚Ä¶ https://t.co/BtPynSIb5U",2017-12-10 21:30:06,CNN,0.0,0.0,0.0,1.0,50,r
939966728355962880,The winners of the 2017 Nobel Peace Prize warn that nuclear destruction is 'one impulsive tantrum away'‚Ä¶ https://t.co/xzz1xLGCSw,2017-12-10 21:15:06,CNN,0.4588,0.332,0.265,0.403,51,r
939963102862422016,"""It's not at all a surprise that they (Russians) would make outreach to people they thought would have influence in‚Ä¶ https://t.co/24yiPExN9C",2017-12-10 21:00:42,CNN,0.0736,0.096,0.083,0.821,52,r
939959213245321216,Republican Sen. Susan Collins says she's not sure if she'll support the tax reform plan https://t.co/5YSNF3fLne https://t.co/tnM55Uu9G2,2017-12-10 20:45:14,CNN,0.1872,0.137,0.1,0.763,53,r
939955415156215809,Take a look at this week in politics https://t.co/8ktzXSEPN4 https://t.co/i8OYgFjIPJ,2017-12-10 20:30:09,CNN,0.0,0.0,0.0,1.0,54,r
939951616098258944,Futures trading is a new step for Bitcoin's wild ride https://t.co/GMHpH5Fw8z https://t.co/TmNf8tzIf8,2017-12-10 20:15:03,CNN,0.0,0.0,0.0,1.0,55,r
939948314748911617,She lost her leg after being hit by a drunk driver. Now she empowers fellow amputees to overcome their physical lim‚Ä¶ https://t.co/dINDZ5JW69,2017-12-10 20:01:56,CNN,-0.5719,0.0,0.198,0.802,56,r
939944077252055040,Mix-and-match health coverage can be a risky alternative to Obamacare https://t.co/23NHVKbXQW https://t.co/76jyYlu0lj,2017-12-10 19:45:05,CNN,-0.2023,0.0,0.153,0.847,57,r
939943079108337664,"CORRECTION: Jailed ""King of Spin"" Max Clifford dies in UK hospital https://t.co/mDlPZdNE9K https://t.co/qgHMGBdTP3",2017-12-10 19:41:08,CNN,-0.4939,0.0,0.211,0.789,58,r
939940401066184704,Swedish police question suspects after synagogue attack https://t.co/3AlN0ZnOnc https://t.co/5Enu6RVoqw,2017-12-10 19:30:29,CNN,-0.6705,0.0,0.44,0.56,59,r
939936554344243200,"President Trump has to live with the consequences of his Israel decision, writes Nic Robertson for @CNNOpinion‚Ä¶ https://t.co/QbOk7FJSwi",2017-12-10 19:15:12,CNN,0.0,0.0,0.0,1.0,60,r
939933018562625536,Alabama Senate candidate Roy Moore says he has never molested anyone https://t.co/4F7ipmrsLz https://t.co/quVFW9P8gs,2017-12-10 19:01:09,CNN,0.3412,0.167,0.0,0.833,61,r
939928987136077824,"""Time is of the essence,"" UN official says after visit to North Korea https://t.co/kPzalGuqWh https://t.co/KHWyssfkeX",2017-12-10 18:45:08,CNN,0.0,0.0,0.0,1.0,62,r
939925222463016960,The hidden fear driving the market surge https://t.co/jZVgAGZ7it https://t.co/MADYFBCHZ3,2017-12-10 18:30:10,CNN,-0.4939,0.0,0.286,0.714,63,r
939921435912495104,Protesters and police clash outside US embassy in Beirut https://t.co/buz5mXWp3F https://t.co/X2JNZ8p3wP,2017-12-10 18:15:07,CNN,-0.2263,0.0,0.16,0.84,64,r
939917668261466112,Heavy snow brings travel chaos to UK https://t.co/vVRzn8LEVP https://t.co/Mm7FLshDpW,2017-12-10 18:00:09,CNN,-0.5719,0.0,0.316,0.684,65,r
939913899058528256,Ski racer Lindsey Vonn injures back and pulls out of a competition in St. Moritz https://t.co/5zVmooeTLI https://t.co/KjveQNCQFs,2017-12-10 17:45:10,CNN,0.0,0.0,0.0,1.0,66,r
939910111677571073,UK foreign minister ends Iran trip with no announcement on jailed woman https://t.co/9wBvAfh8Qr https://t.co/2Wgp4dmdSE,2017-12-10 17:30:07,CNN,-0.6597,0.0,0.31,0.69,67,r
939906445872713729,The gold rush for black market fish bladders has pushed this tiny porpoise toward extinction #vaquita‚Ä¶ https://t.co/TQfbYwqPZc,2017-12-10 17:15:33,CNN,0.0,0.0,0.0,1.0,68,r
939903304787734532,Voting for CNN Hero of the Year CLOSES Tuesday 12/12 at 11:59pm PT -- VOTE NOW at https://t.co/ANMKKlbytz!‚Ä¶ https://t.co/CuFQv7zB4U,2017-12-10 17:03:05,CNN,0.5983,0.178,0.0,0.822,69,r
939900390023352321,"Here's your ski resort guide to St. Moritz, Switzerland https://t.co/9NcNA31QQ1 https://t.co/57kMyQRIOa",2017-12-10 16:51:30,CNN,0.0,0.0,0.0,1.0,70,r
939895018663370752,"""King of Spin"" Max Clifford dies in UK jail https://t.co/mDlPZdNE9K https://t.co/XodLjZtMLQ",2017-12-10 16:30:09,CNN,0.0,0.0,0.0,1.0,71,r
939892627964596230,"Alabama Sen. Richard Shelby says he ""couldn't vote for Roy Moore"" https://t.co/3T8Xq0vCXe https://t.co/mIZijkBue1",2017-12-10 16:20:39,CNN,0.0,0.0,0.0,1.0,72,r
939887531285532679,What a shot! The most amazing sports photos of 2017 https://t.co/bhSvDBYijR https://t.co/P8fBoXNPf2,2017-12-10 16:00:24,CNN,0.6581,0.305,0.0,0.695,73,r
939886679409733638,"UN Chief Ant√≥nio Guterres: ""It's essential to understand that refugees are not terrorists. They are the first victi‚Ä¶ https://t.co/x5MU0FygNd",2017-12-10 15:57:01,CNN,0.5096,0.155,0.0,0.845,74,r
939883694361333761,Pressure is mounting on Congress to act before year‚Äôs end on Deferred Action for Childhood Arrivals. What they deci‚Ä¶ https://t.co/AwRUbU4BJb,2017-12-10 15:45:09,CNN,-0.296,0.0,0.104,0.896,75,r
939883190679932929,"""It is very important for the world...that the US engages,"" UN Chief Antonio Guterres tells @FareedZakaria during a‚Ä¶ https://t.co/FDF9ehtiri",2017-12-10 15:43:09,CNN,0.2716,0.104,0.0,0.896,76,r
939879962089312256,"The Honest Company founder Jessica Alba tells @PoppyHarlowCNN that ""it‚Äôs tough when you‚Äôre the only woman in the ro‚Ä¶ https://t.co/14mpfoLC3A",2017-12-10 15:30:19,CNN,0.4215,0.145,0.066,0.789,77,r
939876447493279744,"""This is kind of the new normal,"" says California Gov. Jerry Brown, after a week of raging wildfires‚Ä¶ https://t.co/Sk6Yh2IffQ",2017-12-10 15:16:21,CNN,-0.5267,0.0,0.167,0.833,78,r
939873063428087809,She lost her leg after being hit by a drunk driver. Now she empowers fellow amputees to overcome their physical lim‚Ä¶ https://t.co/EVxCuS4uQY,2017-12-10 15:02:54,CNN,-0.5719,0.0,0.198,0.802,79,r
939870022352203776,A group of precocious kids had some tough questions for Santa Claus on @nbcsnl last night https://t.co/M70oxgiqRJ https://t.co/zDbbuNDoUT,2017-12-10 14:50:49,CNN,-0.128,0.0,0.086,0.914,80,r
939866887269355521,Rep. Adam Schiff on Russian outreach to Hope Hicks: ‚ÄúIt‚Äôs not at all a surprise that they would make outreach to pe‚Ä¶ https://t.co/MwQM9RE14r,2017-12-10 14:38:22,CNN,0.647,0.264,0.067,0.669,81,r
939864862703996929,Instagram is testing a standalone messaging app called Direct https://t.co/0B9ky2jDio https://t.co/EIP9KH2gmO,2017-12-10 14:30:19,CNN,0.0,0.0,0.0,1.0,82,r
939864433660235776,"US Ambassador to the United Nations Nikki Haley: ""Jerusalem is the capital of Israel...whatever is East Jerusalem o‚Ä¶ https://t.co/hnnw3xaf3q",2017-12-10 14:28:37,CNN,0.4215,0.135,0.0,0.865,83,r
939864346733305856,US Ambassador to the United Nations Nikki Haley: ‚ÄúI have no concern‚Äù that President Trump‚Äôs Jerusalem decision will‚Ä¶ https://t.co/ZHep68YyhL,2017-12-10 14:28:16,CNN,0.1531,0.127,0.1,0.773,84,r
939862779598721024,"US Ambassador to the United Nations Nikki Haley says moving the capital of Israel to Jerusalem will ""move the ball‚Ä¶ https://t.co/DbDpLD6McJ",2017-12-10 14:22:03,CNN,0.4215,0.123,0.0,0.877,85,r
939860580093001728,"Republican Alabama Sen. Richard Shelby says there's ""something for just about everybody"" in the GOP tax bill‚Ä¶ https://t.co/hy29AebKKk",2017-12-10 14:13:18,CNN,0.0,0.0,0.0,1.0,86,r
939860391026397185,"‚ÄúI want to reiterate again: I didn‚Äôt vote for Roy Moore, I wouldn‚Äôt vote for Roy Moore, I think the Republican Part‚Ä¶ https://t.co/2R9DV9eqAo",2017-12-10 14:12:33,CNN,0.0772,0.064,0.0,0.936,87,r
939859254332264448,"Republican Alabama Sen. Richard Shelby on Roy Moore‚Äôs accusers: ‚ÄúI think the women are believable, I have no reason‚Ä¶ https://t.co/cVbHjeOmTy",2017-12-10 14:08:02,CNN,-0.296,0.0,0.109,0.891,88,r
939858816673484800,"Republican Alabama Sen. Richard Shelby: ‚ÄúI couldn‚Äôt vote for Roy Moore, I didn‚Äôt vote for Roy Moore, I wrote in a d‚Ä¶ https://t.co/Q40njVbgsQ",2017-12-10 14:06:18,CNN,0.0,0.0,0.0,1.0,89,r
939857507920510976,"An Iranian-Turkish gold trader admitted in a US court that he made ""maybe $150 million"" by helping Iran dodge inter‚Ä¶ https://t.co/yg1Kck4Zxt",2017-12-10 14:01:06,CNN,0.3818,0.167,0.0,0.833,90,r
939849768033030144,The rise of a ‚Äòfish mafia‚Äô in this small Mexican town is killing off an entire population of small porpoises.‚Ä¶ https://t.co/AmToMyq64y,2017-12-10 13:30:20,CNN,-0.6597,0.0,0.188,0.812,91,r
939842235390218240,"We all tend to change our voices when talking to babies, but those changes can also vary across cultures. Here's ho‚Ä¶ https://t.co/knCYMFE4kH",2017-12-10 13:00:24,CNN,0.0,0.0,0.0,1.0,92,r
939834962467020800,"‚ÄúWe're not looking for perfection, we're just looking for better than yesterday."" After rehab changed his life, Aar‚Ä¶ https://t.co/5HRacrBX3M",2017-12-10 12:31:30,CNN,-0.0253,0.127,0.131,0.742,93,r
939819501629198336,"Four questions the November jobs report will help to answer:

- How low can unemployment go?

- Any remaining hurri‚Ä¶ https://t.co/3mVntmTOA4",2017-12-10 11:30:04,CNN,-0.3182,0.114,0.211,0.675,94,r
939812352328904704,Dramatic footage from @sarasidnerCNN shows one of the Southern California wildfires has jumped over a freeway while‚Ä¶ https://t.co/DFuXTPkuja,2017-12-10 11:01:40,CNN,0.0516,0.07,0.0,0.93,95,r
939804433126391808,New imaging finds crescent-shaped eye damage in a woman who tried to view the total solar eclipse in August‚Ä¶ https://t.co/SdkIu6dPPF,2017-12-10 10:30:12,CNN,-0.4939,0.0,0.151,0.849,96,r
939796872520183808,The stock market has seen a record-breaking ascent this year. But who is actually making money off the boom? Rich p‚Ä¶ https://t.co/CJ8V8KtDJb,2017-12-10 10:00:09,CNN,0.5574,0.153,0.0,0.847,97,r
939789354163163138,"Flu season is gaining speed in the United States, especially in the South, after getting off to a slow start‚Ä¶ https://t.co/nFotP1jG5X",2017-12-10 09:30:17,CNN,0.4588,0.222,0.103,0.675,98,r
939781888776040448,The gold rush for black market fish bladders has pushed this tiny porpoise toward extinction #vaquita‚Ä¶ https://t.co/5Wn1UGNZuC,2017-12-10 09:00:37,CNN,0.0,0.0,0.0,1.0,99,r
940014978609713152,"Due to NFL overrun, CBS is delayed 8 mins in the following ET &amp; CT markets: Hunstville, AL, Bowling Green, KY, MS,‚Ä¶ https://t.co/gbwhgooEQd",2017-12-11 00:26:50,CBS,-0.2263,0.0,0.083,0.917,0,g
940014744399880192,"Due to NFL overrun CBS is delayed 7 mins in the following ET &amp; CT markets Tampa, Chicago, Maryland, Michigan, Wash‚Ä¶ https://t.co/driVgCiX7D",2017-12-11 00:25:54,CBS,-0.2263,0.0,0.087,0.913,1,g
939990365800513538,"RT @NoActivityCBS: If you want the intel, you get the tickles. üòÇ Stream the first 5 episodes of #NoActivity now: https://t.co/Wzq9bVOhGN ht‚Ä¶",2017-12-10 22:49:02,CBS,0.0772,0.064,0.0,0.936,2,g
939990301136916481,RT @startrekcbs: .@albinokid and @wcruz73 are breaking new ground in #StarTrekDiscovery. üè≥Ô∏è‚Äçüåà Stream chapter 1 on CBS All Access: https://t‚Ä¶,2017-12-10 22:48:46,CBS,0.0,0.0,0.0,1.0,3,g
939561438451941377,Don‚Äôt miss America‚Äôs Game! Stream the Army-Navy game LIVE today at 3PM ET with a FREE trial of #CBSAllAccess:‚Ä¶ https://t.co/38udnQj2vs,2017-12-09 18:24:37,CBS,0.5754,0.189,0.07,0.742,4,g
939301534621245441,"There's still time before we have to say so long! Catch up with Carol Burnett, her original castmates and special g‚Ä¶ https://t.co/WTiK8dzaXO",2017-12-09 01:11:51,CBS,0.6476,0.209,0.0,0.791,5,g
939277333109776384,RT @bigbangtheory: It's the biggest best friend breakup of the year... üò± Stream the latest full episode of #BigBangTheory: https://t.co/iIw‚Ä¶,2017-12-08 23:35:41,CBS,0.8126,0.303,0.0,0.697,6,g
938836265201426432,"RT @AmazingRaceCBS: Presenting... the 30th cast of the #AmazingRace! Made up of champions and winners, this is quite literally the most com‚Ä¶",2017-12-07 18:23:03,CBS,0.7777,0.254,0.0,0.746,7,g
938741657528254464,Do you know all the nominees for Song Of The Year? Get familiar with this year's GRAMMY¬Æ Award nominees ahead of Mu‚Ä¶ https://t.co/I6hhOtfQjb,2017-12-07 12:07:06,CBS,0.5423,0.137,0.0,0.863,8,g
938461148713586688,"A new Twilight Zone original series is coming exclusively to CBS All Access in association with @JordanPeele,‚Ä¶ https://t.co/fVYnhUASee",2017-12-06 17:32:28,CBS,0.3182,0.126,0.0,0.874,9,g
938126203830935552,RT @SuperiorDonuts: You'll want to check this box! ‚òëÔ∏é Stream the latest episode of #SuperiorDonuts: https://t.co/h1xhKLCAPl https://t.co/d8‚Ä¶,2017-12-05 19:21:31,CBS,0.1511,0.09,0.0,0.91,10,g
938124314561220608,RT @YoungSheldon: Wondering what it's like behind the scenes of #YoungSheldon? Let star @OfficialRaeganR take you on a tour of the set! htt‚Ä¶,2017-12-05 19:14:00,CBS,0.4199,0.117,0.0,0.883,11,g
937847556662370304,The Kennedy Center Honors recognizes the lifetime contributions of all types of performance artists. Watch the 40th‚Ä¶ https://t.co/azF3rW2ptw,2017-12-05 00:54:16,CBS,0.5106,0.163,0.0,0.837,12,g
937834678114848768,RT @YoungSheldon: There's something @elonmusk never told you about @spacex's Falcon 9. üìì  #YoungSheldon https://t.co/bu3W0IC8zN,2017-12-05 00:03:06,CBS,0.0,0.0,0.0,1.0,13,g
937786719553777664,"Just like old times, Carol Burnett bumps up the lights and answers questions from the audience. Catch up on The Car‚Ä¶ https://t.co/9r7WI8d1tZ",2017-12-04 20:52:31,CBS,0.3612,0.106,0.0,0.894,14,g
937763968386441216,Star comedian @JimCarrey gets emotional when he expresses his heartfelt thanks to Carol Burnett for her positive in‚Ä¶ https://t.co/5QCejBcg5T,2017-12-04 19:22:07,CBS,0.9217,0.504,0.0,0.496,15,g
937580754820775938,Take a trip down memory lane with Carol Burnett for a special tribute you'll never forget. Catch up on The Carol Bu‚Ä¶ https://t.co/XBINDav614,2017-12-04 07:14:06,CBS,0.5213,0.187,0.0,0.813,16,g
937517314492133377,"RT @JLawlorNY: So, ok...maybe I'm crying at at the #CarolBurnett50 finale with everyone singing her theme song! #ImSoGladWeHadThisTimeToget‚Ä¶",2017-12-04 03:02:00,CBS,-0.5655,0.0,0.177,0.823,17,g
937517101375373312,RT @junerenee: A true classic and favorite!! Love #CarolBurnett50 laughed and cried...just like before!,2017-12-04 03:01:09,CBS,0.9466,0.672,0.0,0.328,18,g
937514694172073984,RT if you‚Äôve loved reliving these classic moments during #CarolBurnett50 https://t.co/I1tIWeSlsQ,2017-12-04 02:51:35,CBS,0.5994,0.281,0.0,0.719,19,g
940014978609713152,"Due to NFL overrun, CBS is delayed 8 mins in the following ET &amp; CT markets: Hunstville, AL, Bowling Green, KY, MS,‚Ä¶ https://t.co/gbwhgooEQd",2017-12-11 00:26:50,CBS,-0.2263,0.0,0.083,0.917,20,g
940014744399880192,"Due to NFL overrun CBS is delayed 7 mins in the following ET &amp; CT markets Tampa, Chicago, Maryland, Michigan, Wash‚Ä¶ https://t.co/driVgCiX7D",2017-12-11 00:25:54,CBS,-0.2263,0.0,0.087,0.913,21,g
939990365800513538,"RT @NoActivityCBS: If you want the intel, you get the tickles. üòÇ Stream the first 5 episodes of #NoActivity now: https://t.co/Wzq9bVOhGN ht‚Ä¶",2017-12-10 22:49:02,CBS,0.0772,0.064,0.0,0.936,22,g
939990301136916481,RT @startrekcbs: .@albinokid and @wcruz73 are breaking new ground in #StarTrekDiscovery. üè≥Ô∏è‚Äçüåà Stream chapter 1 on CBS All Access: https://t‚Ä¶,2017-12-10 22:48:46,CBS,0.0,0.0,0.0,1.0,23,g
939561438451941377,Don‚Äôt miss America‚Äôs Game! Stream the Army-Navy game LIVE today at 3PM ET with a FREE trial of #CBSAllAccess:‚Ä¶ https://t.co/38udnQj2vs,2017-12-09 18:24:37,CBS,0.5754,0.189,0.07,0.742,24,g
939301534621245441,"There's still time before we have to say so long! Catch up with Carol Burnett, her original castmates and special g‚Ä¶ https://t.co/WTiK8dzaXO",2017-12-09 01:11:51,CBS,0.6476,0.209,0.0,0.791,25,g
939277333109776384,RT @bigbangtheory: It's the biggest best friend breakup of the year... üò± Stream the latest full episode of #BigBangTheory: https://t.co/iIw‚Ä¶,2017-12-08 23:35:41,CBS,0.8126,0.303,0.0,0.697,26,g
938836265201426432,"RT @AmazingRaceCBS: Presenting... the 30th cast of the #AmazingRace! Made up of champions and winners, this is quite literally the most com‚Ä¶",2017-12-07 18:23:03,CBS,0.7777,0.254,0.0,0.746,27,g
938741657528254464,Do you know all the nominees for Song Of The Year? Get familiar with this year's GRAMMY¬Æ Award nominees ahead of Mu‚Ä¶ https://t.co/I6hhOtfQjb,2017-12-07 12:07:06,CBS,0.5423,0.137,0.0,0.863,28,g
938461148713586688,"A new Twilight Zone original series is coming exclusively to CBS All Access in association with @JordanPeele,‚Ä¶ https://t.co/fVYnhUASee",2017-12-06 17:32:28,CBS,0.3182,0.126,0.0,0.874,29,g
938126203830935552,RT @SuperiorDonuts: You'll want to check this box! ‚òëÔ∏é Stream the latest episode of #SuperiorDonuts: https://t.co/h1xhKLCAPl https://t.co/d8‚Ä¶,2017-12-05 19:21:31,CBS,0.1511,0.09,0.0,0.91,30,g
938124314561220608,RT @YoungSheldon: Wondering what it's like behind the scenes of #YoungSheldon? Let star @OfficialRaeganR take you on a tour of the set! htt‚Ä¶,2017-12-05 19:14:00,CBS,0.4199,0.117,0.0,0.883,31,g
937847556662370304,The Kennedy Center Honors recognizes the lifetime contributions of all types of performance artists. Watch the 40th‚Ä¶ https://t.co/azF3rW2ptw,2017-12-05 00:54:16,CBS,0.5106,0.163,0.0,0.837,32,g
937834678114848768,RT @YoungSheldon: There's something @elonmusk never told you about @spacex's Falcon 9. üìì  #YoungSheldon https://t.co/bu3W0IC8zN,2017-12-05 00:03:06,CBS,0.0,0.0,0.0,1.0,33,g
937786719553777664,"Just like old times, Carol Burnett bumps up the lights and answers questions from the audience. Catch up on The Car‚Ä¶ https://t.co/9r7WI8d1tZ",2017-12-04 20:52:31,CBS,0.3612,0.106,0.0,0.894,34,g
937763968386441216,Star comedian @JimCarrey gets emotional when he expresses his heartfelt thanks to Carol Burnett for her positive in‚Ä¶ https://t.co/5QCejBcg5T,2017-12-04 19:22:07,CBS,0.9217,0.504,0.0,0.496,35,g
937580754820775938,Take a trip down memory lane with Carol Burnett for a special tribute you'll never forget. Catch up on The Carol Bu‚Ä¶ https://t.co/XBINDav614,2017-12-04 07:14:06,CBS,0.5213,0.187,0.0,0.813,36,g
937517314492133377,"RT @JLawlorNY: So, ok...maybe I'm crying at at the #CarolBurnett50 finale with everyone singing her theme song! #ImSoGladWeHadThisTimeToget‚Ä¶",2017-12-04 03:02:00,CBS,-0.5655,0.0,0.177,0.823,37,g
937517101375373312,RT @junerenee: A true classic and favorite!! Love #CarolBurnett50 laughed and cried...just like before!,2017-12-04 03:01:09,CBS,0.9466,0.672,0.0,0.328,38,g
937514694172073984,RT if you‚Äôve loved reliving these classic moments during #CarolBurnett50 https://t.co/I1tIWeSlsQ,2017-12-04 02:51:35,CBS,0.5994,0.281,0.0,0.719,39,g
937514157137575936,RT @Mom101: I can't tell you the joy of seeing my 10yo laughing at this. Especially the Tim Conway dentist sketch.  #CarolBurnett50,2017-12-04 02:49:27,CBS,0.7906,0.269,0.0,0.731,40,g
937513700998529024,"RT @AdeleAndMike: Thank You for bringing back such wonderful memories, the entire family would gather to watch, and we would then laugh abo‚Ä¶",2017-12-04 02:47:39,CBS,0.8689,0.329,0.0,0.671,41,g
937512591944925186,RT @tessab13: The Siamese Elephants skit on the Carol Burnett show is such a classic and possibly my favorite. Loved Tim Conway! #CarolBurn‚Ä¶,2017-12-04 02:43:14,CBS,0.8016,0.264,0.0,0.736,42,g
937508381195091969,RT @inezpanebianco: @OfficialBPeters and Carol Burnett reminiscing back on the carol burnett show is my idea of a perfect night ‚ù§Ô∏è #CarolBu‚Ä¶,2017-12-04 02:26:30,CBS,0.5719,0.156,0.0,0.844,43,g
937507423635496960,"What a performance by @OfficialBPeters, @KChenoweth, Carol Burnett, Steve Lawrence, and @StephenAtHome!‚Ä¶ https://t.co/DqewQ6ASQp",2017-12-04 02:22:42,CBS,0.0,0.0,0.0,1.0,44,g
937504980361142272,RT @jonjeffryes: Bob Mackie created 65 costumes a week for The Carol Burnett Show #CarolBurnett50,2017-12-04 02:12:59,CBS,0.25,0.133,0.0,0.867,45,g
937500813865369600,RT @bmayberry92: Steve Carell with that video submission though! üòÇ #carolburnett50,2017-12-04 01:56:26,CBS,0.0,0.0,0.0,1.0,46,g
937500635724783616,She‚Äôs still got it! #CarolBurnett50 https://t.co/zTxZc5zrqP,2017-12-04 01:55:44,CBS,0.0,0.0,0.0,1.0,47,g
937497532380340225,RT @BobMackie: Our friend Tim Conway never failed to make us laugh #CarolBurnett50,2017-12-04 01:43:24,CBS,0.8591,0.487,0.0,0.513,48,g
937495070369972224,RT @bpeters99: #CarolBurnett50  Am I the Only one with tears in my eyes while I give a standing ovation from my couch? One of the most bril‚Ä¶,2017-12-04 01:33:37,CBS,-0.2263,0.0,0.076,0.924,49,g
937492865386606592,RT @SuperJen1117: This show is awesome...Some of the funniest women together on one stage üôåüèº‚ù§Ô∏è #CarolBurnett50,2017-12-04 01:24:51,CBS,0.5574,0.194,0.0,0.806,50,g
937490008079966208,These two are just like sisters ‚ù§Ô∏è #CarolBurnett50 https://t.co/EPpyf2kOuV,2017-12-04 01:13:30,CBS,0.3612,0.238,0.0,0.762,51,g
937489619339190272,RT @chattie: Watching #carolburnett50  can‚Äôt quit smiling. Brings me memories of watching on Saturday nights with my mom and grandma.,2017-12-04 01:11:57,CBS,0.4588,0.136,0.0,0.864,52,g
937488000149110784,RT @DanRocks98: Settling in for the #CarolBurnett50 special. This lady is comedy gold! A true staple of my childhood.,2017-12-04 01:05:31,CBS,0.807,0.356,0.0,0.644,53,g
937486648652083200,She‚Äôs back! Tune in now to see The Carol Burnett 50th Anniversary Special on CBS and CBS All Access. #CarolBurnett50 https://t.co/HhvRmT5AR0,2017-12-04 01:00:09,CBS,0.4574,0.13,0.0,0.87,54,g
937477868833013760,"Due to #NFL football overrun #CBS is delayed 11 min in: 
Atlanta 
Baltimore 
Columbus
Cleveland 
Toledo
Detroit
Fli‚Ä¶ https://t.co/oCkn11yJOR",2017-12-04 00:25:16,CBS,-0.2263,0.0,0.095,0.905,55,g
937411123397124097,Relive the laughter and the magic in this star-studded tribute to everyone's favorite classic comedy show. Don't mi‚Ä¶ https://t.co/WV6jxBnRAt,2017-12-03 20:00:02,CBS,0.8271,0.352,0.0,0.648,56,g
937392048663019520,"Tonight, spend an evening together with Carol Burnett and celebrity friends as they celebrate The Carol Burnett 50t‚Ä¶ https://t.co/uH2uM9cJFS",2017-12-03 18:44:14,CBS,0.7783,0.286,0.0,0.714,57,g
937373872659169280,Carol Burnett credits the close-knit cast for the success of her show. Join her and original cast members Vicki Law‚Ä¶ https://t.co/1rlNPUS5EJ,2017-12-03 17:32:01,CBS,0.8658,0.386,0.0,0.614,58,g
937305433714212865,Carol Burnett and friends reflect on how the show became an instant classic that's still celebrated today! Join the‚Ä¶ https://t.co/lZgVz9XSyM,2017-12-03 13:00:04,CBS,0.8516,0.353,0.0,0.647,59,g
937290321041305602,"Tonight, celebrate with Carol Burnett, Vicki Lawrence, Lyle Waggoner &amp; more special guests! Find out how to watch T‚Ä¶ https://t.co/Rhm6RJ34u2",2017-12-03 12:00:01,CBS,0.7897,0.28,0.0,0.72,60,g
936987234686746624,Stream Indiana at Michigan LIVE today at 12:30PM ET with a 1-month FREE trial of #CBSAllAccess. Just use promo code‚Ä¶ https://t.co/xRem3zSyEQ,2017-12-02 15:55:39,CBS,0.6166,0.175,0.0,0.825,61,g
936965691256684549,Kristin Chenoweth (@KChenoweth) explains why audiences still crave Carol Burnett! Don't miss The Carol Burnett 50th‚Ä¶ https://t.co/kM92NTtTfs,2017-12-02 14:30:03,CBS,0.1867,0.098,0.0,0.902,62,g
936943060486782982,"Catch up on this amazing lineup of music specials! Here's how to watch Bruno Mars: 24K Magic Live at the Apollo, Th‚Ä¶ https://t.co/Jit2CzZJCY",2017-12-02 13:00:07,CBS,0.6996,0.179,0.0,0.821,63,g
936927941652385793,Missed Bruno Mars: 24K Magic Live at the Apollo? Keep up! Watch the full show: https://t.co/itXpGB5gRm #BrunoMars https://t.co/8yyQlC1LML,2017-12-02 12:00:03,CBS,-0.3595,0.0,0.128,0.872,64,g
936727380177035264,Reminisce with these classic photos and get ready to relive the magic when The Carol Burnett 50th Anniversary Speci‚Ä¶ https://t.co/yJQEzCjoSA,2017-12-01 22:43:05,CBS,0.3612,0.116,0.0,0.884,65,g
936720431364546560,"RT @LivinBiblically: In the beginning, there was Chip. And lo! Chip had a revelation. #LivingBiblically is a new comedy premiering Monday,‚Ä¶",2017-12-01 22:15:28,CBS,0.4199,0.134,0.0,0.866,66,g
936701489543725056,"Discover these pro football stars' off-the-field talents in MVP: Most Valuable Performer, airing Jan 25 on CBS! Fin‚Ä¶ https://t.co/g8jSRW8mQf",2017-12-01 21:00:12,CBS,0.7707,0.282,0.0,0.718,67,g
936690690188128256,"Find out when #BigBrother celebrity edition, #AmazingRace, #Survivor, new drama @instinctcbs and new comedy‚Ä¶ https://t.co/4Psl74zcCB",2017-12-01 20:17:18,CBS,0.0,0.0,0.0,1.0,68,g
936679366297206784,Actress @BethBehrs explains why Carol Burnett is her hero! Celebrate her lasting influence with The Carol Burnett 5‚Ä¶ https://t.co/Lnt5P9jEu0,2017-12-01 19:32:18,CBS,0.8221,0.309,0.0,0.691,69,g
936666346288398337,"RT @instinctcbs: New drama #Instinct, starring @Alancumming, premieres Sunday, March 11 on @CBS! https://t.co/aaL0JXpqav",2017-12-01 18:40:34,CBS,0.0,0.0,0.0,1.0,70,g
936660323108470784,"RT @AmazingRaceCBS: On your marks... #AmazingRace returns Wednesday, January 3! https://t.co/XMSJSUymUZ",2017-12-01 18:16:37,CBS,0.0,0.0,0.0,1.0,71,g
936658703851196417,RT @CBSBigBrother: Mark. Your. Calendars. The celebrity edition of #BigBrother premieres February 7! https://t.co/nP3Do6jTwM,2017-12-01 18:10:11,CBS,0.0,0.0,0.0,1.0,72,g
936595759604015104,The Angels await you... catch up on the world's most celebrated fashion show now! Watch the full 2017‚Ä¶ https://t.co/xfYDbEzpfX,2017-12-01 14:00:04,CBS,0.6893,0.251,0.0,0.749,73,g
936565555103875072,"Comedy stars Amy Poehler, Bill Hader, @MayaRudolph &amp; @TraceeEllisRoss give the legendary Tarzan yell a try- but no‚Ä¶ https://t.co/lrrHE2f9Nv",2017-12-01 12:00:03,CBS,0.1901,0.093,0.0,0.907,74,g
936407373815586816,Action-adventure series 'Blood &amp; Treasure' has been picked up for broadcast in Summer 2019: https://t.co/gAjqbF5bYh https://t.co/3cTBH9AKFI,2017-12-01 01:31:30,CBS,0.296,0.128,0.0,0.872,75,g
936341645733216259,Carol Burnett visited @TheTalkCBS to discuss how she got her start in show business! Watch The Carol Burnett 50th A‚Ä¶ https://t.co/EyqmFWZHEC,2017-11-30 21:10:19,CBS,0.0,0.0,0.0,1.0,76,g
936337704085626880,"The world's most beloved fairy tales are reimagined as a dark &amp; twisted psychological thriller in ""Tell Me A Story,‚Ä¶ https://t.co/CytIswrRj1",2017-11-30 20:54:39,CBS,0.6115,0.227,0.0,0.773,77,g
936288727676084224,RT @RansomCBS: #Ransom star @luke_j_roberts on set in Budapest for Season 2! https://t.co/rgC5ylqSMp,2017-11-30 17:40:02,CBS,0.0,0.0,0.0,1.0,78,g
936286224251109376,Comic @JayLeno reflects on the major impression Carol Burnett left on him. Celebrate The Carol Burnett 50th Anniver‚Ä¶ https://t.co/PIakndHJt1,2017-11-30 17:30:05,CBS,0.6808,0.248,0.0,0.752,79,g
936248474282049537,"Watch #BrunoMars perform ""That's What I Like"" in Bruno Mars: 24K Magic Live at the Apollo: https://t.co/hAFcB9HpE3 https://t.co/I7ZWHdDYCP",2017-11-30 15:00:05,CBS,0.3612,0.135,0.0,0.865,80,g
936203165153705985,"Watch #BrunoMars perform ""24K Magic"" in Bruno Mars: 24K Magic Live at the Apollo: https://t.co/UgD4fC5cS6 https://t.co/iTGKJSbjwY",2017-11-30 12:00:03,CBS,0.0,0.0,0.0,1.0,81,g
936140780644659202,Missed Bruno Mars: 24K Magic Live at the Apollo Theater? Keep up! Watch the full show: https://t.co/itXpGB5gRm‚Ä¶ https://t.co/nkRMIUd2Df,2017-11-30 07:52:09,CBS,-0.3595,0.0,0.128,0.872,82,g
936084853329506304,RT @CWatkinsTV: That. Was. Amazing! #BrunoMars,2017-11-30 04:09:55,CBS,0.6239,0.45,0.0,0.55,83,g
936082472793600000,The stage is üî•üî• #BrunoMars https://t.co/nykrDH46Bs,2017-11-30 04:00:27,CBS,0.0,0.0,0.0,1.0,84,g
936082143410659328,RT @anitakearney65: I could watch this all night #Brunomars #BrunosTvSpecial so much fun to watch OMG,2017-11-30 03:59:09,CBS,0.5542,0.204,0.0,0.796,85,g
936081257275867136,Everybody put your hands up! #BrunoMars https://t.co/jU7NyttAqv,2017-11-30 03:55:37,CBS,0.0,0.0,0.0,1.0,86,g
936080253121789952,RT @Sara_nurse: My 2yr old niece heard @BrunoMars and is now up singing and dancing #BrunosTVSpecial #BrunoMars,2017-11-30 03:51:38,CBS,0.0,0.0,0.0,1.0,87,g
936078560086835200,"RT @AllieNY86: His voice is mesmerizing 
#BrunoMars",2017-11-30 03:44:54,CBS,0.0,0.0,0.0,1.0,88,g
936076626630033408,RT @BrunoMars: We love you MARY!!!! ‚ù§Ô∏è #BrunosTvSpecial,2017-11-30 03:37:13,CBS,0.7482,0.434,0.0,0.566,89,g
936076119538728960,RT @RDMichelleLNK: Loving a dose of #BrunoMars midweek. So amazing!,2017-11-30 03:35:13,CBS,0.8513,0.542,0.0,0.458,90,g
936075699307257856,We‚Äôre only halfway into the show. Get ready for more of your favorite #BrunoMars tunes! https://t.co/BJh0PeX864,2017-11-30 03:33:32,CBS,0.7232,0.302,0.0,0.698,91,g
936073057839431680,"When #BrunoMars tells you to pick up the phone, that‚Äôs exactly what you do. https://t.co/JZDS26h3lL",2017-11-30 03:23:03,CBS,0.0,0.0,0.0,1.0,92,g
936070158073729025,RT @MargoSlade: Best way to relax after a hard day of work watching #BrunoMars on #BrunosTVSpecial my heart is the happiest,2017-11-30 03:11:31,CBS,0.8979,0.394,0.049,0.557,93,g
936069749552713729,RT @Tiffany48184: Now that's how you open up a show!!!!! #BrunoMars,2017-11-30 03:09:54,CBS,0.0,0.0,0.0,1.0,94,g
936069102904401920,RT if you‚Äôre ready to party with #BrunoMars!! https://t.co/o4qQoKOzgH,2017-11-30 03:07:20,CBS,0.6988,0.452,0.0,0.548,95,g
936068930250014722,RT @BrunoMars: POP POP!!üí•üí• everyone tweet #BrunosTvSpecial! We on!!!! üçæ,2017-11-30 03:06:38,CBS,0.0,0.0,0.0,1.0,96,g
936068077464166402,RT @Queentassia14: Bruno Mars Live at the Apollo!!!! Yeah I have to wake up at like 4 am for work.... but it's worth it. #BrunoMars #Brunos‚Ä¶,2017-11-30 03:03:15,CBS,0.7067,0.246,0.0,0.754,97,g
936067903555739648,RT @asbstar30: BRUNO #BrunoMars,2017-11-30 03:02:34,CBS,0.0,0.0,0.0,1.0,98,g
936067255552557057,"Get on your feet, and prepare to dance. #BrunoMars is hitting the stage! https://t.co/yOyq8JlMZj",2017-11-30 02:59:59,CBS,0.0,0.0,0.0,1.0,99,g
940048886046978049,"Finally got a chance to give CSS Grid a go. The specification seemed intimidating and complex, but holy moly, it‚Äôs‚Ä¶ https://t.co/VKVyK8M94k",2017-12-11 02:41:34,fox,-0.1154,0.073,0.095,0.831,0,b
940038516796309506,"I do like the idea of a performance calendar (@perfplanet), but‚Ä¶ there isn‚Äôt a single woman there. üòì

Seriously, wo‚Ä¶ https://t.co/t2drKx5mlP",2017-12-11 02:00:22,fox,0.2023,0.13,0.089,0.781,1,b
940037601171447810,Me at white men getting sad about ‚Äúfeeling excluded‚Äù: https://t.co/yGo2pThBeJ,2017-12-11 01:56:43,fox,-0.4767,0.0,0.256,0.744,2,b
940036166862045189,"@linclark omg, queueing all of this üíñ",2017-12-11 01:51:01,fox,0.0,0.0,0.0,1.0,3,b
940033002825924608,"@evanderkoogh I just don‚Äôt go. Also, it‚Äôs fairly easy to find out where people work and drop a friendly line to the‚Ä¶ https://t.co/jMYh1IMoRl",2017-12-11 01:38:27,fox,0.6124,0.233,0.08,0.687,4,b
940030525779075072,@linclark @perfemail üôèüèª thank you!,2017-12-11 01:28:36,fox,0.4199,0.411,0.0,0.589,5,b
940028058047692800,"Seems like we have James Damore fans in Melbourne too! 

Also, leave my mentions mate. https://t.co/cSVWeXMp3m",2017-12-11 01:18:48,fox,0.3802,0.155,0.067,0.778,6,b
940023198564827136,"RT @maybekatz: Thank you for everything, @ashedryden -- you showed us that these spaces are possible and have steadily elevated the standar‚Ä¶",2017-12-11 00:59:29,fox,0.3612,0.106,0.0,0.894,7,b
940007070723579904,"Are you a woman and/or a person of color writing about web performance? I‚Äôd love to feature you in @perfemail. 

Ping me with your articles!",2017-12-10 23:55:24,fox,0.6696,0.17,0.0,0.83,8,b
939972871765442560,"RT @EvyKassirer: Being aware of power dynamics in code reviews and feedback.

""You should be fostering debate, not making demands""

#AlterC‚Ä¶",2017-12-10 21:39:31,fox,0.2732,0.095,0.0,0.905,9,b
939679492385128448,"If you‚Äôve ever thought ‚Äúwow, this is the most screwed up thing I‚Äôve ever heard‚Äù, you‚Äôll soon be surprised by anothe‚Ä¶ https://t.co/I5zBp2bjWe",2017-12-10 02:13:44,fox,-0.3804,0.075,0.138,0.788,10,b
939624470418833409,RT @scribblingfox: QUICK BEAUTY TIP FOR LADIES: Decrease fine lines and under eye bags by not doing emotional labor for men today.,2017-12-09 22:35:05,fox,0.7086,0.237,0.054,0.71,11,b
939623727343353857,"RT @Una: Observations of my friends interviewing w/multiple offers:

Men be like: ""I got X offer from Y company, and I'm going to need you‚Ä¶",2017-12-09 22:32:08,fox,0.6808,0.211,0.0,0.789,12,b
939391004271976449,@cesidio thank you! That‚Äôs very kind üòä,2017-12-09 07:07:23,fox,0.7569,0.619,0.0,0.381,13,b
939001898996154368,RT @EricaJoy: We have not been silent. You have not been listening.,2017-12-08 05:21:13,fox,0.0,0.0,0.0,1.0,14,b
938977100131794944,"RT @marazepeda: Patreon has raised $100MM
Kickstarter has raised $10MM
The Business Model is The Message https://t.co/Kz0k5jI7zY https://t.‚Ä¶",2017-12-08 03:42:40,fox,0.0,0.0,0.0,1.0,15,b
938976921555050496,RT @notwaldorf: Hot take: the major difference between junior and senior developers is the confidence that you know where to find the code‚Ä¶,2017-12-08 03:41:58,fox,0.5106,0.13,0.0,0.87,16,b
938950347732664320,"@mikeal Agree. I definitely wouldn‚Äôt treat it as a wage. For me, it‚Äôs a small payoff for the work I have been doing‚Ä¶ https://t.co/lAcuviGh5J",2017-12-08 01:56:22,fox,0.7845,0.317,0.0,0.683,17,b
938949115081252864,"@mikeal Yeah, I agree it‚Äôs tricky, although I find it interesting to see the earnings spread because I did get an i‚Ä¶ https://t.co/9mjqzbo0dB",2017-12-08 01:51:28,fox,0.7003,0.296,0.064,0.64,18,b
938947062288195585,"Only 2% of Patreon creators who earn more than the federal minimum wage through the site, according to public earni‚Ä¶ https://t.co/IAeu1BxABm",2017-12-08 01:43:19,fox,0.0,0.0,0.0,1.0,19,b
940048886046978049,"Finally got a chance to give CSS Grid a go. The specification seemed intimidating and complex, but holy moly, it‚Äôs‚Ä¶ https://t.co/VKVyK8M94k",2017-12-11 02:41:34,fox,-0.1154,0.073,0.095,0.831,20,b
940038516796309506,"I do like the idea of a performance calendar (@perfplanet), but‚Ä¶ there isn‚Äôt a single woman there. üòì

Seriously, wo‚Ä¶ https://t.co/t2drKx5mlP",2017-12-11 02:00:22,fox,0.2023,0.13,0.089,0.781,21,b
940037601171447810,Me at white men getting sad about ‚Äúfeeling excluded‚Äù: https://t.co/yGo2pThBeJ,2017-12-11 01:56:43,fox,-0.4767,0.0,0.256,0.744,22,b
940036166862045189,"@linclark omg, queueing all of this üíñ",2017-12-11 01:51:01,fox,0.0,0.0,0.0,1.0,23,b
940033002825924608,"@evanderkoogh I just don‚Äôt go. Also, it‚Äôs fairly easy to find out where people work and drop a friendly line to the‚Ä¶ https://t.co/jMYh1IMoRl",2017-12-11 01:38:27,fox,0.6124,0.233,0.08,0.687,24,b
940030525779075072,@linclark @perfemail üôèüèª thank you!,2017-12-11 01:28:36,fox,0.4199,0.411,0.0,0.589,25,b
940028058047692800,"Seems like we have James Damore fans in Melbourne too! 

Also, leave my mentions mate. https://t.co/cSVWeXMp3m",2017-12-11 01:18:48,fox,0.3802,0.155,0.067,0.778,26,b
940023198564827136,"RT @maybekatz: Thank you for everything, @ashedryden -- you showed us that these spaces are possible and have steadily elevated the standar‚Ä¶",2017-12-11 00:59:29,fox,0.3612,0.106,0.0,0.894,27,b
940007070723579904,"Are you a woman and/or a person of color writing about web performance? I‚Äôd love to feature you in @perfemail. 

Ping me with your articles!",2017-12-10 23:55:24,fox,0.6696,0.17,0.0,0.83,28,b
939972871765442560,"RT @EvyKassirer: Being aware of power dynamics in code reviews and feedback.

""You should be fostering debate, not making demands""

#AlterC‚Ä¶",2017-12-10 21:39:31,fox,0.2732,0.095,0.0,0.905,29,b
939679492385128448,"If you‚Äôve ever thought ‚Äúwow, this is the most screwed up thing I‚Äôve ever heard‚Äù, you‚Äôll soon be surprised by anothe‚Ä¶ https://t.co/I5zBp2bjWe",2017-12-10 02:13:44,fox,-0.3804,0.075,0.138,0.788,30,b
939624470418833409,RT @scribblingfox: QUICK BEAUTY TIP FOR LADIES: Decrease fine lines and under eye bags by not doing emotional labor for men today.,2017-12-09 22:35:05,fox,0.7086,0.237,0.054,0.71,31,b
939623727343353857,"RT @Una: Observations of my friends interviewing w/multiple offers:

Men be like: ""I got X offer from Y company, and I'm going to need you‚Ä¶",2017-12-09 22:32:08,fox,0.6808,0.211,0.0,0.789,32,b
939391004271976449,@cesidio thank you! That‚Äôs very kind üòä,2017-12-09 07:07:23,fox,0.7569,0.619,0.0,0.381,33,b
939001898996154368,RT @EricaJoy: We have not been silent. You have not been listening.,2017-12-08 05:21:13,fox,0.0,0.0,0.0,1.0,34,b
938977100131794944,"RT @marazepeda: Patreon has raised $100MM
Kickstarter has raised $10MM
The Business Model is The Message https://t.co/Kz0k5jI7zY https://t.‚Ä¶",2017-12-08 03:42:40,fox,0.0,0.0,0.0,1.0,35,b
938976921555050496,RT @notwaldorf: Hot take: the major difference between junior and senior developers is the confidence that you know where to find the code‚Ä¶,2017-12-08 03:41:58,fox,0.5106,0.13,0.0,0.87,36,b
938950347732664320,"@mikeal Agree. I definitely wouldn‚Äôt treat it as a wage. For me, it‚Äôs a small payoff for the work I have been doing‚Ä¶ https://t.co/lAcuviGh5J",2017-12-08 01:56:22,fox,0.7845,0.317,0.0,0.683,37,b
938949115081252864,"@mikeal Yeah, I agree it‚Äôs tricky, although I find it interesting to see the earnings spread because I did get an i‚Ä¶ https://t.co/9mjqzbo0dB",2017-12-08 01:51:28,fox,0.7003,0.296,0.064,0.64,38,b
938947062288195585,"Only 2% of Patreon creators who earn more than the federal minimum wage through the site, according to public earni‚Ä¶ https://t.co/IAeu1BxABm",2017-12-08 01:43:19,fox,0.0,0.0,0.0,1.0,39,b
938945543404847104,"RT @Sareh88: Communication is more important than the code you write.
Communication is more important than the code you write.
Communicatio‚Ä¶",2017-12-08 01:37:16,fox,0.4915,0.181,0.0,0.819,40,b
938922143214997504,@MlleLicious I think I have to scale it back though. My technical career has been neglected for many reasons for to‚Ä¶ https://t.co/e268NK1XJe,2017-12-08 00:04:17,fox,-0.5267,0.0,0.152,0.848,41,b
938920915588431872,"A few months ago I was energised about a variety of D&amp;I initiatives of mine, now I‚Äôm just tired and Patreon is push‚Ä¶ https://t.co/L3l8pw6PIv",2017-12-07 23:59:25,fox,0.0516,0.124,0.116,0.76,42,b
938874518075875328,"Daily reminder: overthrow the patriarchy.

üòé",2017-12-07 20:55:03,fox,0.0,0.0,0.0,1.0,43,b
938705944069914625,RT @kamilah: He has some damn nerve https://t.co/YjqDBMjIjG,2017-12-07 09:45:12,fox,-0.4019,0.0,0.278,0.722,44,b
938705335405101056,RT @yassmin_a: I don‚Äôt know if it is my place to say this on a day of celebration... but those who enabled the kind of debate we saw should‚Ä¶,2017-12-07 09:42:46,fox,0.0,0.0,0.0,1.0,45,b
938690680670502912,What a great day‚Äîsame sex marriage bill passes in Australian parliament! üè≥Ô∏è‚Äçüåà‚ù§Ô∏è https://t.co/O2abqYPwOL,2017-12-07 08:44:32,fox,0.6588,0.285,0.0,0.715,46,b
938650592334946305,"RT @LailaLalami: Woman reports a predator anonymously.
""Anonymous accusations aren't credible!""
Woman reports under her name.
""She just wan‚Ä¶",2017-12-07 06:05:15,fox,-0.3802,0.0,0.132,0.868,47,b
938617610656145408,"I too have encountered abusive, harassive CEOs, and the situation was the same‚Äîit‚Äôd be impossible to report without‚Ä¶ https://t.co/I39d3fMbrG",2017-12-07 03:54:11,fox,-0.6369,0.0,0.198,0.802,48,b
938609015143129088,"While I think this is a good thing, I also believe many whistleblowers were missed, especially those in the tech in‚Ä¶ https://t.co/xk06TIegU1",2017-12-07 03:20:02,fox,0.1779,0.131,0.1,0.769,49,b
938608452812791809,Time person of the year: women blowing the whistle on sexual harassment and abuse. https://t.co/Jw2tIDw3mH,2017-12-07 03:17:48,fox,-0.8271,0.0,0.372,0.628,50,b
938607564522102785,"I don‚Äôt know about you, but I‚Äôm loving the reckoning abusive white men are facing right now. Their time is over.",2017-12-07 03:14:16,fox,-0.1154,0.184,0.199,0.617,51,b
938606188354183168,"RT @kieczkowska: üëã Dear Twitterverse üëã 
I'm looking for an internship in cyber security or forensics for summer 2018 (am available June, Ju‚Ä¶",2017-12-07 03:08:48,fox,0.6124,0.208,0.0,0.792,52,b
938605919398608896,"RT @ekp: I've been trying to figure out how to express my support for more activists, and @Luvvie had all the right words https://t.co/zR6T‚Ä¶",2017-12-07 03:07:44,fox,0.4019,0.105,0.0,0.895,53,b
938584929197113345,The silence from @StartupVic only confirms the exclusionary ecosystem of Australian tech community ‚Äúleaders‚Äù. https://t.co/koJDqJSz8Y,2017-12-07 01:44:19,fox,0.0,0.0,0.0,1.0,54,b
938571601775247360,"RT @milanmoffatt: shortest type lesson on the internet: 
‚úèÔ∏è web type should be 60 characters in width max
üî§ a general rule for line-height‚Ä¶",2017-12-07 00:51:22,fox,0.0,0.0,0.0,1.0,55,b
938559509265387521,It‚Äôs saddening to see such significant fee changes in @patreon. It excludes patrons who are willing or can only aff‚Ä¶ https://t.co/6hChADtrLR,2017-12-07 00:03:19,fox,-0.34,0.075,0.133,0.792,56,b
938557166100684801,"RT @ashleyn1cole: The news: Men are starting to fear and question if their every little interaction will be seen as flirting. 
Me: Men are‚Ä¶",2017-12-06 23:54:00,fox,-0.34,0.067,0.119,0.815,57,b
938268187577040896,"@karlbright naah, I love my cameras. Still use Canon + Fuji XT1 heavily, for ‚Äúreal‚Äù photography. I do want the X th‚Ä¶ https://t.co/2IF1P3sq3q",2017-12-06 04:45:42,fox,0.6705,0.244,0.0,0.756,58,b
938267036752535552,"@cramforce In this particular case, it‚Äôs a mixed approach with no transparency with the process that creates a prec‚Ä¶ https://t.co/6IkuEkHgR1",2017-12-06 04:41:08,fox,-0.0258,0.103,0.108,0.788,59,b
938266844128952321,"@superhighfives @benschwarz thanks Charlie, so nice of you my wrinkles already grew bigger üòÇ",2017-12-06 04:40:22,fox,0.7178,0.353,0.0,0.647,60,b
938266744220565504,"@cramforce I‚Äôm 100% fine with curated lineups, but I have a problem with lack of transparency and exclusionary tend‚Ä¶ https://t.co/SmeCn2LYlH",2017-12-06 04:39:58,fox,-0.7269,0.061,0.284,0.655,61,b
938266203998449669,@chelsea thank you üíñüòò,2017-12-06 04:37:49,fox,0.3612,0.455,0.0,0.545,62,b
938251283642773504,@karlbright Canon EOS 6D. I‚Äôm still on an old iPhone 6 :),2017-12-06 03:38:32,fox,0.4588,0.231,0.0,0.769,63,b
938013733829222406,"Turned 30 today.

‚úÖ drove a convertible
‚úÖ seen a wild koala
‚úÖ had an amazing meal
‚úÖ hiked a bunch

All thanks to‚Ä¶ https://t.co/E7qhZ9u1VZ",2017-12-05 11:54:36,fox,0.7717,0.295,0.0,0.705,64,b
937889394739908609,@ctrlaltjustine üòòüòòüòòüòòüòò,2017-12-05 03:40:31,fox,0.0,0.0,0.0,1.0,65,b
937887553440563200,@SachaGreif hi at thefox.is,2017-12-05 03:33:12,fox,0.0,0.0,0.0,1.0,66,b
937837772865286144,"@sailorhg You‚Äôve made it, congratulations üíÖüèª

I‚Äôll never hear it no matter what I do üò≠",2017-12-05 00:15:23,fox,0.7085,0.385,0.0,0.615,67,b
937826173672755201,"@cckate üëã Thank you!

It was a list of diversity and inclusion activists I look up to. You can find it here :) https://t.co/EQ8D4HtcOj",2017-12-04 23:29:18,fox,0.6996,0.234,0.0,0.766,68,b
937808521546031104,"I don‚Äôt trust events doing this unless there‚Äôs a very transparent process in place, establishing fairness and equal‚Ä¶ https://t.co/M084AitSnK",2017-12-04 22:19:09,fox,0.5106,0.171,0.0,0.829,69,b
937808118280364032,"Furthermore, when conferences invite the same people over and over, it perpetuates cliquey nature of the tech community. It‚Äôs exclusionary.",2017-12-04 22:17:33,fox,0.1531,0.078,0.0,0.922,70,b
937807722082222080,"Secondly, how can anyone trust the selection process to be fair if initial choices were apparently made based on ma‚Ä¶ https://t.co/5KyHkvNAUi",2017-12-04 22:15:59,fox,0.6808,0.228,0.0,0.772,71,b
937807303478095872,"Firstly, showcasing a bunch of famous names doesn‚Äôt encourage underrepresented groups or anyone without prominence‚Ä¶ https://t.co/ZywFPvKM3y",2017-12-04 22:14:19,fox,0.5106,0.191,0.0,0.809,72,b
937806620980998144,Here‚Äôs a problem I have with conferences which announce partial lineups full of ‚Äúprominent‚Äù speakers and run Call f‚Ä¶ https://t.co/ifTro36ncs,2017-12-04 22:11:36,fox,-0.4019,0.0,0.137,0.863,73,b
937801889235722240,"That makes me wonder. Are @startupvic supporters having those views as well, since nobody seems to be challenging t‚Ä¶ https://t.co/qpAIX9iZPr",2017-12-04 21:52:48,fox,0.6808,0.28,0.0,0.72,74,b
937797805971685377,".@StartupVic, care to explain why your chair endorses an article agreeing that James Damores‚Äô manifesto was a produ‚Ä¶ https://t.co/duyHb5CzKY",2017-12-04 21:36:35,fox,0.7906,0.348,0.0,0.652,75,b
937794562516332544,"RT @Asher_Wolf: Why is the Chair of @StartUpVic tweeting an article that claims James Damore's memo was an attempt at a ""respectful and pro‚Ä¶",2017-12-04 21:23:41,fox,0.4588,0.12,0.0,0.88,76,b
937789557889572864,A timely comment on abusive behaviours online: the Internet is great at remembering things in perpetuity.,2017-12-04 21:03:48,fox,-0.0258,0.192,0.197,0.61,77,b
937774614985392128,RT @stephpalmeri: The Cost of Devaluing Women - must read from @SallieKrawcheck in the New York Times https://t.co/CdBJ8rHQT9,2017-12-04 20:04:25,fox,0.0,0.0,0.0,1.0,78,b
937773344484573184,"RT @jensimmons: I think most men don‚Äôt realize the very act of a woman wanting a career, dreaming she should have one, and going off to mak‚Ä¶",2017-12-04 19:59:22,fox,0.0,0.0,0.0,1.0,79,b
937615555502137344,"RT @triketora: Besides, I hate getting called out. It makes me feel bad. As an ally, I shouldn‚Äôt have to feel bad ‚Äì because I‚Äôm an ally. Ge‚Ä¶",2017-12-04 09:32:23,fox,-0.8934,0.0,0.327,0.673,80,b
937557727567519744,"@MylesBorins haha, no worries, happens to the best of us.

It‚Äôs just the sheer volume of proposals not following an‚Ä¶ https://t.co/7KCHju3Xys",2017-12-04 05:42:35,fox,0.4939,0.247,0.171,0.582,81,b
937514996715503616,"@IvanaMcConnell We have a gender free form field but it‚Äôs basically women, men, snarky men trying to be smart and a‚Ä¶ https://t.co/iq5Fztx37F",2017-12-04 02:52:48,fox,0.6908,0.231,0.0,0.769,82,b
937467961308090369,@IvanaMcConnell I might wrangle the data together to show the demographics. I think we only got ~20% of women apply‚Ä¶ https://t.co/nnwwxYGs9M,2017-12-03 23:45:53,fox,0.0,0.0,0.0,1.0,83,b
937272363556552704,"@tlakomy 1) disclosing identifying information (name, employer, project, website, etc.)
2) too long
3) ableisms and sexist language",2017-12-03 10:48:39,fox,0.0,0.0,0.0,1.0,84,b
937269340717572096,"@IvanaMcConnell been reading them for 5+ hours, but I ruthlessly skip the ones that don‚Äôt follow the rules",2017-12-03 10:36:39,fox,0.0,0.0,0.0,1.0,85,b
937260589016952833,"AKA a million ways most people don‚Äôt ever read and follow instructions, a musical. 

https://t.co/WMU5xqy5rP",2017-12-03 10:01:52,fox,0.0,0.0,0.0,1.0,86,b
937260367234789376,"@dawnahukanna 9 for CSS, 16 for JSConf, so only a small fraction (there are much more proposals for JS too).

We no‚Ä¶ https://t.co/vN0NM14ztp",2017-12-03 10:00:59,fox,0.0,0.0,0.0,1.0,87,b
937114581104603137,See you all after reading 777 proposals for @cssconfau and @jsconfau üë©‚Äçüíª,2017-12-03 00:21:41,fox,0.0,0.0,0.0,1.0,88,b
936819069210071042,"@PreciselyAlyss üò≥ wow, thank you! That‚Äôs very kind!",2017-12-02 04:47:26,fox,0.8904,0.726,0.0,0.274,89,b
936818920614268928,‚Äú‚ÄòNewsworthiness‚Äô is the new ‚ÄòAlgorithms did it‚Äô. I can‚Äôt go on sharing the same space with Trump and Nazis. I am d‚Ä¶ https://t.co/JF07fxsbj5,2017-12-02 04:46:50,fox,0.4215,0.123,0.0,0.877,90,b
936815869430177793,Last few days of my 20s and I can feel the impending existential crisis üòÇ  At least I still look fabulous! https://t.co/zosKaI7R5P,2017-12-02 04:34:43,fox,-0.2481,0.137,0.177,0.686,91,b
936815558955212800,"@alexgoffey @goawaygeek omg, it‚Äôs on! üíñ",2017-12-02 04:33:29,fox,0.0,0.0,0.0,1.0,92,b
936810921334149120,RT @triketora: super smart on behalf of conference organizers: require attendees to wear name tags even at afterparties (even if dorky) so‚Ä¶,2017-12-02 04:15:03,fox,0.765,0.248,0.0,0.752,93,b
936472712758693888,Thank goodness it‚Äôs Friday as I desperately need the wine hour. https://t.co/m5OJf8fTfP,2017-12-01 05:51:08,fox,0.4404,0.342,0.161,0.497,94,b
936472000612130817,@waferbaby @dgoodlad @samkottler dave is this the 200 dollar Christmas tree you got delivered,2017-12-01 05:48:18,fox,0.0,0.0,0.0,1.0,95,b
936430657756061696,"@Mandy_Kerr A month to write, practice and put slides together. Working each afternoon mostly.",2017-12-01 03:04:01,fox,0.0,0.0,0.0,1.0,96,b
936371490093547520,"@lara_hogan To be completely honest, I think one of the things that prevents me from launching more is the complexi‚Ä¶ https://t.co/fyqNEE3DqH",2017-11-30 23:08:54,fox,0.5984,0.214,0.0,0.786,97,b
936334323954851841,"RT @vdignum: Please endorse the Bechdel test for academic&amp;tech conferences:
1) two women speaking
2) in the same panel or session
3) not ab‚Ä¶",2017-11-30 20:41:13,fox,0.5574,0.173,0.0,0.827,98,b
936173151595016193,"RT @everywhereist: I'm just a girl
standing in front of a boy
asking him to not whip his dick out
especially in work contexts
I mean, hones‚Ä¶",2017-11-30 10:00:47,fox,0.4023,0.105,0.0,0.895,99,b
